NAME;ALT_NAME;COUNTRY;LAT;LON;ELEV;UTC
RED LAKE;RED LAKE;CANADA;51.06667;-93.8;1230;-6
GUAM INTL AP;GUAM NWSO TIYAN;GUAM;13.48333;144.8;254;10
SAIPAN INTL AP;SAIPAN INTL AP;NORTHE;15.11667;145.71667;215;10
SAN JUAN L M MARIN AP;SAN JUAN INTL AP;PUERTO;18.4325;-66.01083;9;-4
ANCHORAGE INTL AP;ANCHORAGE INTL AP;UNITED;61.169;-150.0278;120;-9
ANCHORAGE MERRILL FLD;ANCHORAGE MERRILL FLD;UNITED;61.21694;-149.855;138;-9
ANNETTE ISLAND AP;ANNETTE WSO AP;UNITED;55.0389;-131.5787;109;-9
BARROW POST ROGERS AP;BARROW WSO AP;UNITED;71.2834;-156.7815;31;-9
BETHEL AP;BETHEL AP;UNITED;60.785;-161.8293;102;-9
BETTLES AP;BETTLES AP;UNITED;66.54;-151.31;643;-9
BIG DELTA AP;BIG DELTA FAA/ASOS AP;UNITED;63.9944;-145.7214;1277;-9
COLD BAY AP;COLD BAY AP;UNITED;55.22083;-162.7325;78;-9
CORDOVA M K SMITH AP;CORDOVA AP;UNITED;60.4888;-145.4511;31;-9
DEADHORSE AP;DEADHORSE;UNITED;70.1917;-148.4772;61;-9
DEERING AP;DEERING AP;UNITED;66.06889;-162.76389;-99999;-9
EAGLE AP;EAGLE AP;UNITED;64.77667;-141.14833;-99999;-9
FAIRBANKS INTL AP;FAIRBANKS INTL AP;UNITED;64.8039;-147.8761;432;-9
GULKANA AP;GULKANA AP;UNITED;62.1591;-145.4588;1562;-9
HAINES AP;HAINES AP;UNITED;59.24333;-135.50944;15;-9
HOMER AP;HOMER AP;UNITED;59.642;-151.4908;64;-9
ILIAMNA AP;ILIAMNA AP;UNITED;59.7494;-154.9089;143;-9
JUNEAU INTL AP;JUNEAU AP;UNITED;58.3566;-134.564;16;-9
KALTAG AP;KALTAG AP;UNITED;64.32667;-158.74167;-99999;-9
KENAI MUNI AP;KENAI AP;UNITED;60.5797;-151.2391;91;-9
KETCHIKAN INTL AP;KETCHIKAN;UNITED;55.35667;-131.71167;76;-9
KING SALMON AP;KING SALMON AP;UNITED;58.6829;-156.6563;67;-9
KIVALINA AP;KIVALINA AP;UNITED;67.73167;-164.54833;-99999;-9
KLAWOCK AP;KLAWOCK AP;UNITED;55.58;-133.075;12;-9
KODIAK AP;KODIAK AP;UNITED;57.75111;-152.48556;80;-9
KOTZEBUE RALPH WEIN AP;KOTZEBUE WSO AP;UNITED;66.86667;-162.63333;30;-9
MCGRATH AP;MCGRATH AP;UNITED;62.9574;-155.6103;333;-9
NENANA MUNI AP;NENANA MUNI AP;UNITED;64.55;-149.07167;360;-9
NOME MUNI AP;NOME WSO AP;UNITED;64.5111;-165.44;13;-9
NORTHWAY AP;NORTHWAY AP;UNITED;62.9617;-141.9378;1713;-9
NUIQSUT AP;NUIQSUT AP;UNITED;70.21167;-151.00167;-99999;-9
PALMER MUNI AP;PALMER AP;UNITED;61.5961;-149.0916;230;-9
PORTAGE GLACIER V C;PORTAGE GLACIER V C;UNITED;60.785;-148.83889;103;-9
SELDOVIA AP;SELDOVIA AP;UNITED;59.44333;-151.70167;-99999;-9
SEWARD AP;SEWARD AP;UNITED;60.12833;-149.41667;-99999;-9
SITKA AIRPORT;SITKA AIRPORT;UNITED;57.04806;-135.36472;14;-9
SKAGWAY AP;SKAGWAY AP;UNITED;59.45556;-135.32389;20;-9
ST GEORGE ISLAND AP;ST GEORGE ISLAND AP;UNITED;56.6;-169.565;-99999;-9
ST PAUL ISLAND AP;ST PAUL ISLAND AP;UNITED;57.15528;-170.22222;35;-9
TALKEETNA AP;TALKEETNA AP;UNITED;62.32;-150.095;350;-9
TANANA CALHOUN MEM AP;TANANA AP;UNITED;65.175;-152.1067;222;-9
WAINWRIGHT AP;WAINWRIGHT AP;UNITED;70.63917;-159.995;-99999;-9
YAKUTAT STATE AP;YAKUTAT AP;UNITED;59.512;-139.6712;33;-9
ALABASTER SHELBY CO AP;ALABASTER SHELBY CO AP;UNITED;33.17833;-86.78167;565;-6
ANDALUSIA OPP AP;ANDALUSIA OPP AP;UNITED;31.30889;-86.39389;-99999;-6
ANNISTON METRO AP;ANNISTON ARPT ASOS;UNITED;33.5872;-85.8556;594;-6
BIRMINGHAM AP;BIRMINGHAM AP ASOS;UNITED;33.56556;-86.745;615;-6
DECATUR PRYOR FLD;DECATUR PRYOR FLD;UNITED;34.6525;-86.94528;-99999;-6
DOTHAN RGNL AP;DOTHAN FAA AIRPORT;UNITED;31.3167;-85.45;374;-6
EVERGREEN MIDDLETON FLD;EVERGREEN MIDDLETON FLD;UNITED;31.41556;-87.04417;-99999;-6
FLORALA MUNI AP;FLORALA MUNI AP;UNITED;31.0425;-86.31167;-99999;-6
FT RUCKER LOWE ARMY HELIPORT;FT RUCKER LOWE ARMY HELIPORT;UNITED;31.35583;-85.75111;244;-6
GREENVILLE CRENSHAW AP;GREENVILLE CRENSHAW AP;UNITED;31.84556;-86.61083;-99999;-6
HUNTSVILLE INTL AP;HUNTSVILLE INTL AP;UNITED;34.64389;-86.78611;624;-6
MOBILE DWTN AP;MOBILE DWTN AP;UNITED;30.62639;-88.06806;-99999;-6
MOBILE RGNL AP;MOBILE REGIONAL AP;UNITED;30.68833;-88.24556;215;-6
MONTGOMERY AP;MONTGOMERY AP ASOS;UNITED;32.2997;-86.4075;202;-6
MUSCLE SHOALS RGNL AP;MUSCLE SHOALS AP;UNITED;34.7441;-87.5997;540;-6
OZARK FT RUCKER;OZARK FT RUCKER;UNITED;31.35;-85.66667;-99999;-6
TROY MUNI AP;TROY MUNI AP;UNITED;31.86056;-86.01222;-99999;-6
TUSCALOOSA MUNI AP;TUSCALOOSA ARPT ASOS;UNITED;33.2119;-87.6161;150;-6
WEEDON FLD AP;WEEDON FLD AP;UNITED;31.95139;-85.12889;-99999;-6
BLYTHEVILLE MUNI AP;BLYTHEVILLE MUNI AP;UNITED;35.94028;-89.83083;-99999;-6
DE QUEEN SEVIER CO AP;DE QUEEN SEVIER CO AP;UNITED;34.05;-94.40083;355;-6
EL DORADO S AR RGNL AP;EL DORADO GOODWIN FLD;UNITED;33.22083;-92.81417;252;-6
FAYETTEVILLE DRAKE FLD;FAYETTEVILLE DRAKE FLD;UNITED;36.0097;-94.1694;1251;-6
FAYETTEVILLE NW AR AP;FAYETTEVILLE NW AR AP;UNITED;36.28333;-94.3;1287;-6
FT SMITH RGNL AP;FT SMITH RGNL AP;UNITED;35.333;-94.3625;449;-6
HARRISON BOONE CO AP;HARRISON BOONE CO AP;UNITED;36.2668;-93.1566;1374;-6
HOT SPRINGS ASOS;HOT SPRINGS ASOS;UNITED;34.29;-93.06;535;-6
JONESBORO MUNI AP;JONESBORO MUNI AP;UNITED;35.83111;-90.64639;-99999;-6
LITTLE ROCK AP ADAMS FLD;LITTLE ROCK ADAMS FLD;UNITED;34.7273;-92.2389;258;-6
MONTICELLO MUNI AP;MONTICELLO MUNI AP;UNITED;33.6361;-91.7556;290;-6
MOUNT IDA ASOS;MOUNT IDA ASOS;UNITED;34.5467;-93.57806;702;-6
MOUNTAIN HOME BAXTER AP;MOUNTAIN HOME BAXTER AP;UNITED;36.36889;-92.47028;-99999;-6
PINE BLUFF GRIDER FLD;PINE BLUFF GRIDER FLD;UNITED;34.175;-91.93472;-99999;-6
RUSSELLVILLE MUNI AP;RUSSELLVILLE MUNI AP;UNITED;35.25778;-93.09472;-99999;-6
TEXARKANA WEBB FLD;TEXARKANA WEBB FLD;UNITED;33.4536;-94.0074;361;-6
DOUGLAS BISBEE INL AP;DOUGLAS BISBEE INTL AP;UNITED;31.4583;-109.6061;4105;-7
FLAGSTAFF PULLIAM AP;FLAGSTAFF AP;UNITED;35.1441;-111.6663;7003;-7
FORT HUACHUCA;FORT HUACHUCA;UNITED;31.58833;-110.34417;-99999;-7
GRAND CANYON NP AP;GRAND CANYON NP AP;UNITED;35.94611;-112.15472;6606;-7
KINGMAN MOHAVE CO AP;KINGMAN AP;UNITED;35.2577;-113.933;3420;-7
NOGALES INTL AP;NOGALES INTL AP;UNITED;31.42083;-110.84583;-99999;-7
PAGE MUNI AP;PAGE MUNI AP;UNITED;36.92611;-111.44778;4310;-7
PHOENIX DEER VALLEY MUNI AP;PHOENIX DEER VALLEY MUNI AP;UNITED;33.68833;-112.08167;1455;-7
PHOENIX SKY HARBOR INTL AP;PHOENIX AP;UNITED;33.4277;-112.0038;1107;-7
PRESCOTT LOVE FLD;PRESCOTT LOVE FLD;UNITED;34.65167;-112.42083;-99999;-7
SAFFORD MUNI AP;SAFFORD MUNI AP;UNITED;32.85472;-109.63528;-99999;-7
SCOTTSDALE MUNI AP;SCOTTSDALE MUNI AP;UNITED;33.62278;-111.91056;1473;-7
ST JOHNS INDUSTRIAL AP;ST JOHNS INDUSTRIAL AP;UNITED;34.51833;-109.37917;-99999;-7
TUCSON INTL AP;TUCSON INTL AP;UNITED;32.1313;-110.9552;2549;-7
WINDOW ROCK AP;WINDOW ROCK AP;UNITED;35.6575;-109.06139;-99999;-7
WINSLOW MUNI AP;WINSLOW AP;UNITED;35.0281;-110.7208;4886;-7
ALTURAS MUNI AP;ALTURAS MUNI AP;UNITED;41.49139;-120.56444;-99999;-8
ARCATA EUREKA AP;ARCATA EUREKA AP;UNITED;40.97806;-124.10861;200;-8
AVALON CATALINA AP;AVALON CATALINA AP;UNITED;33.405;-118.41583;-99999;-8
BAKERSFIELD AP;BAKERSFIELD AP;UNITED;35.4344;-119.0542;489;-8
BARSTOW DAGGETT AP;DAGGETT AP;UNITED;34.8536;-116.7858;1917;-8
BISHOP AP;BISHOP AP;UNITED;37.3711;-118.358;4102;-8
BLUE CANYON AP;BLUE CANYON NYACK AP;UNITED;39.2774;-120.7102;5276;-8
BLYTHE AP;BLYTHE ASOS;UNITED;33.6186;-114.7142;395;-8
BURBANK GLENDALE PASADENA AP;BURBANK GLENDALE PASADENA AP;UNITED;34.20056;-118.3575;-99999;-8
CAMARILLO AP;CAMARILLO AP;UNITED;34.21667;-119.08333;-99999;-8
CAMPO;CAMPO;UNITED;32.6233;-116.4728;2630;-8
CARLSBAD PALOMAR AP;CARLSBAD PALOMAR AP;UNITED;33.12806;-117.27944;-99999;-8
CHINO AP;CHINO AP;UNITED;33.97528;-117.63611;-99999;-8
CONCORD BUCHANAN FLD;CONCORD BUCHANAN FLD;UNITED;37.9917;-122.055;18;-8
CORONA MUNICIPAL AP;CORONA MUNICIPAL AP;UNITED;33.89765;-117.60243;533;-8
CRESCENT CITY MCNAMARA AP;CRESCENT CITY MCNAMARA AP;UNITED;41.78028;-124.23667;-99999;-8
DESERT RESORTS RGNL AP;DESERT RESORTS RGNL AP;UNITED;33.62667;-116.15944;-99999;-8
EL CENTRO NAF;EL CENTRO NAF;UNITED;32.81667;-115.68333;-99999;-8
FRESNO YOSEMITE INTL AP;FRESNO YOSEMITE INT'L;UNITED;36.78;-119.7194;333;-8
FULLERTON MUNI AP;FULLERTON MUNI AP;UNITED;33.87194;-117.97889;-99999;-8
HANFORD MUNI AP;HANFORD MUNI AP;UNITED;36.31889;-119.62889;-99999;-8
HAWTHORNE MUNI AP;HAWTHORNE MUNI AP;UNITED;33.92278;-118.33417;-99999;-8
HAYWARD AIR TERMINAL;HAYWARD AIR TERMINAL;UNITED;37.6542;-122.115;43;-8
IMPERIAL BEACH REAM FLD NAS;IMPERIAL BEACH REAM FLD NAS;UNITED;32.56667;-117.11667;-99999;-8
IMPERIAL CO AP;IMPERIAL CO AP;UNITED;32.83417;-115.57861;-58;-8
LANCASTER WM J FOX FLD;LANCASTER ATC;UNITED;34.7411;-118.2116;2338;-8
LIVERMORE MUNI AP;LIVERMORE MUNI AP;UNITED;37.6927;-121.8144;393;-8
LONG BEACH DAUGHERTY FLD;LONG BCH DAUGHERTY AP;UNITED;33.8116;-118.1463;31;-8
LOS ALAMITOS AAF;LOS ALAMITOS AAF;UNITED;33.79;-118.05194;-99999;-8
LOS ANGELES DWTN USC CAMPUS;LOS ANGELES DWTN USC;UNITED;34.0236;-118.2911;179;-8
LOS ANGELES INTL AP;LOS ANGELES INTL AP;UNITED;33.938;-118.3888;97;-8
MADERA MUNI AP;MADERA MUNI AP;UNITED;36.98778;-120.11056;-99999;-8
MARYSVILLE YUBA CO AP;MARYSVILLE AP (ASOS);UNITED;39.1019;-121.5677;62;-8
MERCED MUNI AP;MERCED MUNI AP;UNITED;37.28472;-120.51278;152;-8
MODESTO CITY CO AP;MODESTO AP;UNITED;37.6241;-120.9505;73;-8
MOFFETT FEDERAL AIRFIELD;MOFFETT FEDERAL AIRFIELD;UNITED;37.40583;-122.04806;39;-8
MONTAGUE SISKIYOU AP;MONTAGUE SISKIYOU AP;UNITED;41.78139;-122.46806;-99999;-8
MONTEREY PENINSUL AP;MONTEREY PENINSUL AP;UNITED;36.58806;-121.84528;165;-8
MT SHASTA;MT SHASTA;UNITED;41.3325;-122.33278;3535;-8
NAPA CO AP;NAPA CO AP;UNITED;38.2102;-122.2847;14;-8
NEEDLES AP;NEEDLES AP;UNITED;34.7675;-114.6188;890;-8
OAKLAND METRO INTL AP;OAKLAND METRO INTL AP;UNITED;37.72139;-122.22083;6;-8
OCEANSIDE MUNI AP;OCEANSIDE MUNI AP;UNITED;33.21944;-117.34944;-99999;-8
ONTARIO INTL AP;ONTARIO INTL AP;UNITED;34.05611;-117.60028;949;-8
OROVILLE MUNI AP;OROVILLE MUNI AP;UNITED;39.49;-121.61833;-99999;-8
OXNARD VENTURA CO AP;OXNARD VENTURA CO AP;UNITED;34.20083;-119.20694;36;-8
PALM SPRINGS;PALM SPRINGS;UNITED;33.8275;-116.5097;425;-8
PALM SPRINGS RGNL AP;PALM SPRINGS RGNL AP;UNITED;33.82806;-116.50528;421;-8
PALMDALE AP;PALMDALE AP;UNITED;34.62944;-118.08361;2524;-8
PASO ROBLES MUNI AP;PASO ROBLES MUNI AP;UNITED;35.6697;-120.6283;810;-8
RAMONA AP;RAMONA AP;UNITED;33.0375;-116.91583;-99999;-8
RED BLUFF MUNI AP;RED BLUFF MUNI AP;UNITED;40.1519;-122.2536;353;-8
REDDING MUNI AP;REDDING AP;UNITED;40.5175;-122.2986;497;-8
RIVERSIDE MUNI AP;RIVERSIDE MUNI AP;UNITED;33.95194;-117.43861;805;-8
SACRAMENTO EXECUTIVE AP;SACRAMENTO AP ASOS;UNITED;38.5069;-121.495;15;-8
SACRAMENTO METRO AP;SACRAMENTO METRO AP;UNITED;38.69556;-121.58972;23;-8
SALINAS MUNICIPAL AP;SALINAS AP;UNITED;36.6636;-121.6081;74;-8
SAN DIEGO BROWN FLD;SAN DIEGO BROWN FLD;UNITED;32.57222;-116.97944;515;-8
SAN DIEGO LINDBERGH FLD;SAN DIEGO WSO AP;UNITED;32.7336;-117.1831;15;-8
SAN DIEGO MONTGOMERY FLD;SAN DIEGO MONTGOMERY FLD;UNITED;32.81583;-117.13944;417;-8
SAN FRANCISCO INTL AP;SAN FRANCISCO INTL AP;UNITED;37.6197;-122.3647;8;-8
SAN JOSE;SAN JOSE;UNITED;37.3591;-121.924;51;-8
SAN LUIS OBISPO AP;SAN LUIS OBISPO AP;UNITED;35.23722;-120.64139;200;-8
SAN SIMEON PT PIEDRAS BLANCAS;SAN SIMEON PT PIEDRAS BLANCAS;UNITED;35.66556;-121.28472;59;-8
SANDBERG;SANDBERG;UNITED;34.7436;-118.7242;4510;-8
SANTA ANA JOHN WAYNE AP;SANTA ANA JOHN WAYNE AP;UNITED;33.68;-117.86639;-99999;-8
SANTA BARBARA MUNI AP;SANTA BARBARA MUNI AP;UNITED;34.4258;-119.8425;9;-8
SANTA MARIA PUBLIC AP;SANTA MARIA PUBLIC AP;UNITED;34.8994;-120.4486;242;-8
SANTA MONICA MUNI AP;SANTA MONICA WB AP;UNITED;34.01583;-118.45139;174;-8
SANTA ROSA SONOMA CO AP;SANTA ROSA SONOMA CO AP;UNITED;38.5038;-122.8102;114;-8
SOUTH LAKE TAHOE AP;SOUTH LAKE TAHOE AP;UNITED;38.8983;-119.9947;6314;-8
STOCKTON METRO AP;STOCKTON AP;UNITED;37.8891;-121.2258;26;-8
UKIAH MUNI AP;UKIAH MUNI AP;UNITED;39.12583;-123.20083;601;-8
VACAVILLE NUT TREE AP;VACAVILLE NUT TREE AP ASOS;UNITED;38.3775;-121.9575;109;-8
VAN NUYS AP;VAN NUYS AP;UNITED;34.20972;-118.48917;770;-8
WATSONVILLE MUNI AP;WATSONVILLE MUNI AP;UNITED;36.93583;-121.78861;-99999;-8
AKRON WASHINGTON CO AP;AKRON WASHINGTON CO AP;UNITED;40.16667;-103.21667;4663;-7
ALAMOSA SAN LUIS AP;ALAMOSA-BERGMAN FIELD;UNITED;37.4389;-105.8613;7533;-7
ASPEN PITKIN CO AP;ASPEN ASOS;UNITED;39.23;-106.87056;7720;-7
BULLSEYE AUX AIRFIELD;BULLSEYE AUX AIRFIELD;UNITED;38.76667;-104.3;6030;-7
BURLINGTON CARSON AP;BURLINGTON CARSON AP;UNITED;39.24472;-102.28417;4192;-7
COLORADO SPRINGS MUNI AP;COLORADO SPGS MUNI AP;UNITED;38.81;-104.6884;6181;-7
CORTEZ MONTEZUMA COUNTY AP;CORTEZ ASOS;UNITED;37.30694;-108.62639;5910;-7
CRAIG MOFFAT COUNTY AP;CRAIG ASOS;UNITED;40.49278;-107.52417;6190;-7
DENVER CENTENNIAL AP;DENVER CENTENNIAL AP;UNITED;39.57028;-104.84889;5883;-7
DENVER INTL AP;DENVER INTL AP;UNITED;39.8328;-104.6575;5414;-7
DURANGO LA PLATA CO AP;DURANGO ASOS;UNITED;37.14306;-107.76028;6670;-7
GRAND JUNCTION WALKER FLD;GRAND JUNCTION REGIONAL AP;UNITED;39.1342;-108.54;4858;-7
LA JUNTA MUNI AP;LA JUNTA MUNICIPAL AP;UNITED;38.0494;-103.5122;4194;-7
LAMAR MUNI AP;LAMAR MUNI AP;UNITED;38.07;-102.68806;-99999;-7
LEADVILLE LAKE CO AP;LEADVILLE LAKE CO AP;UNITED;39.22917;-106.31694;-99999;-7
LIMON WSMO;LIMON WSMO;UNITED;39.18944;-103.71583;5364;-7
MEEKER AIRPORT;MEEKER ASOS;UNITED;40.04417;-107.88861;6366;-7
MONTROSE REGIONAL AP;MONTROSE ASOS;UNITED;38.50583;-107.89889;5720;-7
PUEBLO MEM AP;PUEBLO MEM AP;UNITED;38.2901;-104.4983;4720;-7
RIFLE GARFIELD COUNTY AP;RIFLE ASOS;UNITED;39.52778;-107.71972;5522;-7
SPRINGFIELD COMANCHE;SPRINGFIELD COMANCHE;UNITED;37.28333;-102.61389;4383;-7
TRINIDAD PERRY STOKES AP;TRINIDAD AP;UNITED;37.26222;-104.33778;5741;-7
BRIDGEPORT SIKORSKY MEM AP;BRIDGEPORT SIKORSKY AP;UNITED;41.15833;-73.12889;5;-5
DANBURY MUNI AP;DANBURY MUNI AP;UNITED;41.37139;-73.48278;-99999;-5
GROTON NEW LONDON AP;GROTON NEW LONDON AP;UNITED;41.3275;-72.04944;10;-5
HARTFORD BRADLEY INTL AP;HARTFORD;UNITED;41.9381;-72.6825;190;-5
HARTFORD BRAINARD FLD;HARTFORD BRAINARD FLD;UNITED;41.73611;-72.65056;19;-5
MERIDEN MARKHAM MUNI AP;MERIDEN MARKHAM MUNI AP;UNITED;41.50972;-72.82778;-99999;-5
NEW HAVEN TWEED AP;NEW HAVEN TWEED AP;UNITED;41.26389;-72.88722;3;-5
WILLIMANTIC WINDHAM AP;WILLIMANTIC WINDHAM AP;UNITED;41.74194;-72.18361;-99999;-5
GEORGETOWN SUSSEX CO AP;GEORGETOWN SUSSEX CO AP;UNITED;38.68917;-75.35917;-99999;-5
WILMINGTON NEW CASTLE CO AP;WILMINGTON NEW CASTLE CO AP;UNITED;39.6728;-75.6008;79;-5
APALACHICOLA AP;APALACHICOLA AP;UNITED;29.73333;-85.03333;19;-5
BOCA RATON AP;BOCA RATON AP;UNITED;26.37833;-80.1075;-99999;-5
BONIFAY TRI CO AP;BONIFAY TRI CO AP;UNITED;30.84583;-85.60139;-99999;-6
BROOKSVILLE HERNANDO CO AP;BROOKSVILLE HERNANDO CO AP;UNITED;28.47361;-82.45444;-99999;-5
CHACTAW NOLF MILTON;CHACTAW NOLF MILTON;UNITED;30.50694;-86.95972;-99999;-6
CRESTVIEW BOB SIKES AP;CRESTVIEW BOB SIKES AP;UNITED;30.77972;-86.5225;190;-6
CROSS CITY AP;CROSS CITY AP;UNITED;29.63333;-83.10528;38;-5
DAYTONA BEACH INTL AP;DAYTONA BEACH INTL AP;UNITED;29.1828;-81.0483;31;-5
DESTIN FT WALTON AP;DESTIN FT WALTON AP;UNITED;30.4;-86.47167;-99999;-6
FT LAUDERDALE EXECUTIVE AP;FT LAUDERDALE EXECUTIVE AP;UNITED;26.19694;-80.17083;-99999;-5
FT LAUDERDALE HOLLYWOOD AP;FT LAUDERDALE INTL AP;UNITED;26.0719;-80.1536;11;-5
FT MYERS PAGE FLD AP;FT MYERS PAGE FLD AP;UNITED;26.585;-81.8614;15;-5
FT MYERS SW FL RGNL AP;FT MYERS SW FL RGNL AP;UNITED;26.53611;-81.755;31;-5
FT PIERCE ST LUCIE CO INTL AP;FT PIERCE ST LUCIE CO INTL AP;UNITED;27.49806;-80.37667;24;-5
GAINESVILLE RGNL AP;GAINESVILLE RGNL AP;UNITED;29.6919;-82.2755;123;-5
HOLLYWOOD NORTH PERRY AP;HOLLYWOOD NORTH PERRY AP;UNITED;25.99889;-80.24111;-99999;-5
JACKSON WHITEHOUSE NOLF;JACKSON WHITEHOUSE NOLF;UNITED;30.35028;-81.88306;-99999;-5
JACKSONVILLE CRAIG MUNI AP;JACKSONVILLE CRAIG AP;UNITED;30.3361;-81.5147;41;-5
JACKSONVILLE INTL AP;JACKSONVILLE INTL AP;UNITED;30.495;-81.6936;26;-5
KEY WEST INTL AP;KEY WEST INTL AP;UNITED;24.555;-81.75222;4;-5
LEESBURG MUNI AP;LEESBURG MUNI AP;UNITED;28.82083;-81.80972;-99999;-5
MARATHON AP;MARATHON AP;UNITED;24.72583;-81.05167;8;-5
MARIANNA MUNI AP;MARIANNA MUNI AP;UNITED;30.83556;-85.18389;-99999;-6
MELBOURNE INTL AP;MELBOURNE INTERNATIONAL AIRPOR;UNITED;28.10111;-80.64389;27;-5
MIAMI INTL AP;MIAMI INTL AP;UNITED;25.7905;-80.3163;29;-5
MIAMI KENDALL TAMIAMI EXEC AP;MIAMI KENDALL TAMIAMI EXEC AP;UNITED;25.6475;-80.43306;-99999;-5
MIAMI OPA LOCKA AP;MIAMI OPA LOCKA AP;UNITED;25.90694;-80.28028;10;-5
NAPLES MUNI AP;NAPLES MUNICIPAL AP;UNITED;26.1522;-81.7752;9;-5
NW FLORIDA BEACHES INTL AP;NW FLORIDA BEACHES INTL AP;UNITED;30.349;-85.788;57;-6
ORLANDO EXECUTIVE AP;ORLANDO EXECUTIVE AP;UNITED;28.54528;-81.33306;108;-5
ORLANDO INTL AP;ORLANDO INTL AP;UNITED;28.4339;-81.325;90;-5
ORLANDO SANFORD AP;ORLANDO SANFORD AP;UNITED;28.77972;-81.24361;-99999;-5
PANAMA CITY BAY CO AP;PANAMA CITY BAY CO AP;UNITED;30.21194;-85.68278;-99999;-6
PENSACOLA RGNL AP;PENSACOLA RGNL AP;UNITED;30.47806;-87.18694;112;-6
PERRY FOLEY AP;PERRY FOLEY AP;UNITED;30.07194;-83.57361;-99999;-5
POMPANO BEACH AIRPARK;POMPANO BEACH AIRPARK;UNITED;26.25;-80.10833;-99999;-5
PUNTA GORDA CHARLOTTE CO AP;PUNTA GORDA CHARLOTTE CO AP;UNITED;26.91722;-81.99139;-99999;-5
SARASOTA BRADENTON AP;SARASOTA BRADENTON AP;UNITED;27.40139;-82.55861;-99999;-5
ST PETERSBURG ALBERT WHITTED;ST PETERSBURG ALBERT WHITTED;UNITED;27.76472;-82.6275;-99999;-5
ST PETERSBURG INTL AP;ST PETERSBURG INTL AP;UNITED;27.91056;-82.6875;-99999;-5
TALLAHASSEE RGNL AP;TALLAHASSEE WSO AP;UNITED;30.39306;-84.35333;55;-5
TAMPA INTL AP;TAMPA INTL AP;UNITED;27.96194;-82.5403;19;-5
VERO BEACH INTL AP;VERO BEACH INTL AIRPORT;UNITED;27.651;-80.4199;28;-5
WEST PALM BEACH INTL AP;WEST PALM BCH INTL AP;UNITED;26.6847;-80.0994;19;-5
WHITING FIELD NAS SOUTH;WHITING FIELD NAS SOUTH;UNITED;30.70444;-87.02306;178;-6
WINTER HAVEN GILBERT AP;WINTER HAVEN GILBERT AP;UNITED;28.06222;-81.75417;-99999;-5
ALBANY SW GA RGNL AP;ALBANY SW GA RGNL AP;UNITED;31.53556;-84.19444;190;-5
ALMA BACON CO AP;ALMA BACON CO AP;UNITED;31.5358;-82.5067;193;-5
ATHENS BEN EPPS AP;ATHENS BEN EPPS AP;UNITED;33.948;-83.3275;785;-5
ATLANTA FULTON CO AP;ATLANTA FULTON CO AP;UNITED;33.77917;-84.52139;840;-5
ATLANTA HARTSFIELD INTL AP;ATLANTA HARTSFIELD AP;UNITED;33.6301;-84.4418;1010;-5
ATLANTA PEACHTREE AP;ATLANTA PEACHTREE AP;UNITED;33.875;-84.30222;-99999;-5
AUGUSTA BUSH FLD AP;AUGUSTA BUSH FLD AP;UNITED;33.3644;-81.9633;132;-5
AUGUSTA DANIEL FLD AP;AUGUSTA DANIEL FLD AP;UNITED;33.46694;-82.03861;-99999;-5
BRUNSWICK MALCOLM MCKINNON AP;BRUNSWICK-MCKINNON AP;UNITED;31.1522;-81.3908;16;-5
CARTERSVILLE AP;CARTERSVILLE AP;UNITED;34.12306;-84.84861;-99999;-5
COLUMBUS METRO AP;COLUMBUS METO AP.;UNITED;32.5161;-84.9422;392;-5
GAINESVILLE GILMER AP;GAINESVILLE GILMER AP;UNITED;34.27194;-83.83028;-99999;-5
MACON MIDDLE GA RGNL AP;MACON MIDDLE GA AP;UNITED;32.6847;-83.6527;343;-5
PEACHTREE CITY FALCON FLD;PEACHTREE CITY FALCON FLD;UNITED;33.35528;-84.56694;798;-5
ROME R B RUSSELL AP;ROME R B RUSSELL AP;UNITED;34.34778;-85.16111;639;-5
SAVANNAH INTL AP;SAVANNAH INTL AP;UNITED;32.13;-81.21;46;-5
VALDOSTA RGNL AP;VALDOSTA RGNL AP;UNITED;30.7825;-83.27667;198;-5
BRADSHAW AAF;BRADSHAW AAF;UNITED;19.76;-155.55361;5900;-10
EWA KALAELOA AP;EWA KALAELOA AP;UNITED;21.31667;-158.06667;-99999;-10
HILO INTL AP;HILO INTL AP 87;UNITED;19.7191;-155.053;38;-10
HONOLULU INTL AP;HONOLULU WSFO AP 703;UNITED;21.32389;-157.92944;7;-10
KAHULUI AP;KAHULUI WSO AP 398;UNITED;20.89972;-156.42861;51;-10
KAILUA KONA KE-AHOLE AP;KAILUA KONA KE-AHOLE AP;UNITED;19.73556;-156.04889;-99999;-10
LIHUE WSO AP 1020.1;LIHUE WSO AP 1020.1;UNITED;21.98389;-159.34056;100;-10
MOLOKAI AP;MOLOKAI AP 524;UNITED;21.1545;-157.0961;443;-10
AMES MUNICIPAL AP;AMES MUNICIPAL AIRPORT;UNITED;41.99056;-93.61889;955;-6
BURLINGTON MUNI AP;BURLINGTON MUNI AP;UNITED;40.78333;-91.12528;692;-6
CEDAR RAPIDS MUNI AP;CEDAR RAPIDS AP;UNITED;41.8833;-91.7166;868;-6
DAVENPORT MUNI AP;DAVENPORT MUNI AP;UNITED;41.61389;-90.59139;750;-6
DES MOINES INTL AP;DES MOINES AP;UNITED;41.5338;-93.653;957;-6
DUBUQUE RGNL AP;DUBUQUE WSO AP;UNITED;42.39778;-90.70361;1056;-6
ESTHERVILLE MUNICIPAL AP;ESTHERVILLE MUNICIPAL ARPT;UNITED;43.40111;-94.74722;1317;-6
IOWA CITY MUNI AP;IOWA CITY MUNI AP;UNITED;41.63278;-91.54306;650;-6
LAMONI MUNICIPAL AP;LAMONI MUNI AP;UNITED;40.6306;-93.9008;1135;-6
MARSHALLTOWN MUNICIPAL AP;MARSHALLTOWN MUNI AP;UNITED;42.11056;-92.91611;974;-6
MASON CITY MUNI AP;MASON CITY MUNI AP;UNITED;43.1544;-93.3269;1225;-6
OTTUMWA INDUSTRIAL AP;OTTUMWA INDUSTRIAL AP;UNITED;41.1077;-92.4466;842;-6
SIOUX CITY GATEWAY AP;SIOUX CITY AP;UNITED;42.3913;-96.3791;1095;-6
SPENCER MUNI AP;SPENCER MUNI AP;UNITED;43.16444;-95.20167;-99999;-6
WATERLOO MUNI AP;WATERLOO MUNICIPAL AP;UNITED;42.5544;-92.4011;868;-6
BOISE AIR TERMINAL;BOISE AIR TERMINAL;UNITED;43.5666;-116.2405;2814;-7
BURLEY MUNI AP;BURLEY MUNI AP;UNITED;42.5416;-113.7661;4142;-7
CHALLIS AP;CHALLIS AP;UNITED;44.52278;-114.215;5033;-7
IDAHO FALLS FANNING FLD;IDAHO FALLS FANNING FLD;UNITED;43.51639;-112.06722;4729;-7
JEROME CO AP;JEROME CO AP;UNITED;42.72667;-114.45639;-99999;-7
LEWISTON NEZ PERCE CO AP;LEWISTON AP;UNITED;46.3747;-117.0156;1436;-8
LOWELL THREE RIVERS;LOWELL THREE RIVERS;UNITED;46.14417;-115.59639;1480;-8
MCCALL AP;MCCALL AP;UNITED;44.88889;-116.10167;5013;-7
MULLAN PASS VOR/DME;MULLAN PASS VOR/DME;UNITED;47.45694;-115.645;6028;-8
POCATELLO RGNL AP;POCATELLO RGNL AP;UNITED;42.9202;-112.5711;4478;-7
REXBURG MADISON CO AP;REXBURG MADISON CO AP;UNITED;43.83389;-111.80444;-99999;-7
STANLEY RS;STANLEY RS;UNITED;44.17083;-114.92722;6495;-7
TWIN FALLS SUN VLY RGNL AP;TWIN FALLS SUN VLY RGNL AP;UNITED;42.48194;-114.48694;-99999;-7
CAHOKIA ST LOUIS AP;CAHOKIA ST LOUIS AP;UNITED;38.57139;-90.15722;413;-6
CARBONDALE SOUTHERN IL AP;CARBONDALE SOUTHERN IL AP;UNITED;37.77972;-89.24972;406;-6
CHAMPAIGN WILLARD AP;CHAMPAIGN WILLARD AP;UNITED;40.03972;-88.27778;-99999;-6
CHICAGO AURORA MUNI AP;CHICAGO AURORA MUNI AP;UNITED;41.77;-88.48139;710;-6
CHICAGO MIDWAY AP;CHICAGO MIDWAY AP 3SW;UNITED;41.78611;-87.75222;612;-6
CHICAGO OHARE INTL AP;CHICAGO O'HARE AIRPORT;UNITED;41.995;-87.9336;662;-6
CHICAGO PALWAUKEE AP;CHICAGO PALWAUKEE AP;UNITED;42.12083;-87.90472;636;-6
CHICAGO WAUKEGAN RGNL AP;CHICAGO WAUKEGAN RGNL AP;UNITED;42.41667;-87.86667;-99999;-6
DECATUR AP;DECATUR AP;UNITED;39.83444;-88.86556;675;-6
LAWRENCEVILLE INTL AP;LAWRENCEVILLE INTL AP;UNITED;38.76417;-87.60556;429;-6
MATTOON COLES CO AP;MATTOON COLES CO AP;UNITED;39.47806;-88.28028;-99999;-6
MOLINE QUAD CITY INTL AP;MOLINE WSO AP;UNITED;41.46528;-90.52333;592;-6
PEORIA GTR PEORIA AP;PEORIA INTERNATIONAL AP;UNITED;40.6675;-89.6839;650;-6
QUINCY RGNL AP;QUINCY RGNL AP;UNITED;39.93694;-91.19194;769;-6
ROCKFORD GTR ROCKFORD AP;ROCKFORD AP;UNITED;42.1927;-89.093;730;-6
SPRINGFIELD CAPITAL AP;SPRINGFIELD LINCOLN AP;UNITED;39.8447;-89.6839;594;-6
WEST CHICAGO DUPAGE AP;WEST CHICAGO DUPAGE AP;UNITED;41.91444;-88.24639;754;-6
BLOOMINGTON MONROE CO AP;BLOOMINGTON MONROE CO AP;UNITED;39.13333;-86.61667;844;-5
EVANSVILLE REGIONAL AP;EVANSVILLE REGIONAL AP;UNITED;38.0441;-87.5205;400;-6
FT WAYNE INTL AP;FORT WAYNE AP;UNITED;40.9705;-85.2063;791;-5
GOSHEN MUNI AP;GOSHEN AP;UNITED;41.5333;-85.7833;830;-5
INDIANAPOLIS EAGLE CREEK AP;INDIANAPOLIS EAGLE CREEK AP;UNITED;39.825;-86.29583;-99999;-5
INDIANAPOLIS INTL AP;INDIANAPOLIS INTL AP;UNITED;39.7318;-86.2788;790;-5
LAFAYETTE PURDUE UNIV AP;LAFAYETTE PURDUE UNIV AP;UNITED;40.41222;-86.93694;599;-5
MUNCIE DELAWARE CO AP;MUNCIE DELAWARE CO AP;UNITED;40.23417;-85.39361;-99999;-5
SHELBYVILLE MUNI AP;SHELBYVILLE MUNI AP;UNITED;39.57806;-85.80333;-99999;-5
SOUTH BEND MICHIANA RGNL AP;SOUTH BEND AP;UNITED;41.7072;-86.3163;773;-5
TERRE HAUTE HULMAN RGNL AP;TERRE HAUTE HULMAN RGNL AP;UNITED;39.45194;-87.30889;575;-5
VALPARAISO PORTER CO MUNI AP;VALPARAISO PORTER CO MUNI AP;UNITED;41.4525;-87.00583;-99999;-6
CHANUTE MARTIN JOHNSON AP;CHANUTE MARTIN JOHNSON AP;UNITED;37.67028;-95.48417;-99999;-6
CONCORDIA MUNI AP;CONCORDIA ASOS;UNITED;39.5514;-97.6508;1469;-6
DODGE CITY RGNL AP;DODGE CITY RGNL AP;UNITED;37.7686;-99.9678;2582;-6
EMPORIA MUNI AP;EMPORIA ASOS;UNITED;38.32917;-96.19472;1196;-6
FT RILEY MARSHALL AAF;FT RILEY MARSHALL AAF;UNITED;39.05;-96.76667;-99999;-6
FT RILEY MULTIPLE PURPOSE RNG;FT RILEY MULTIPLE PURPOSE RNG;UNITED;39.29417;-96.92639;1264;-6
GARDEN CITY RGNL AP;GARDEN CITY RGNL AP;UNITED;37.92722;-100.72472;2882;-6
GOODLAND RENNER FLD;GOODLAND RENNER FLD;UNITED;39.36722;-101.69333;3656;-7
HILL CITY MUNI AP;HILL CITY MUNI AP;UNITED;39.37556;-99.82972;2188;-6
HUTCHINSON MUNI AP;HUTCHINSON MUNI AP;UNITED;38.06528;-97.86056;-99999;-6
LAWRENCE MUNI AP;LAWRENCE ASOS;UNITED;39.00778;-95.21167;832;-6
MANHATTAN MUNI AP;MANHATTAN ASOS;UNITED;39.1346;-96.6788;1056;-6
MEDICINE LODGE;MEDICINE LODGE 1E;UNITED;37.2839;-98.5528;1535;-6
OLATHE JOHNSON CO AP;OLATHE JOHNSON CO AP;UNITED;38.83167;-94.88972;-99999;-6
OLATHE JOHNSON CO EXEC AP;OLATHE JOHNSON CO EXEC AP;UNITED;38.85;-94.73917;1070;-6
PARSONS TRI CITY AP;PARSONS TRI CITY AP;UNITED;37.32778;-95.50417;869;-6
RUSSELL MUNI AP;RUSSELL MUNI AP;UNITED;38.87611;-98.80917;-99999;-6
TOPEKA FORBES FLD;TOPEKA FORBES FLD;UNITED;38.95028;-95.66389;1067;-6
TOPEKA MUNI AP;TOPEKA ASOS;UNITED;39.0725;-95.6261;876;-6
WICHITA JABARA AP;WICHITA JABARA AP;UNITED;37.74611;-97.22111;-99999;-6
WICHITA MID-CONTINENT AP;WICHITA MID-CONTINENT;UNITED;37.6475;-97.43;1321;-6
WINFIELD STROTHER FLD AP;WINFIELD STROTHER FLD AP;UNITED;37.16806;-97.03694;1150;-6
BOWLING GREEN WARREN CO AP;BOWLING GREEN RGNL AP;UNITED;36.9647;-86.4238;528;-6
CINCINNATI NORTHERN KY AP;COVINGTON WSO;UNITED;39.04306;-84.67167;869;-5
FRANKFORT CAPITAL CITY AP;FRANKFORT CAPITAL CITY AP;UNITED;38.18472;-84.90333;-99999;-5
JACKSON JULIAN CARROLL AP;JACKSON WSO;UNITED;37.59139;-83.31444;1365;-5
LEXINGTON BLUEGRASS AP;LEXINGTON BLUEGRASS AP;UNITED;38.0408;-84.6058;980;-5
LONDON CORBIN AP;LONDON FAA AP;UNITED;37.08722;-84.07694;1188;-5
LOUISVILLE BOWMAN FLD;LOUISVILLE BOWMAN FLD;UNITED;38.22806;-85.66361;540;-5
LOUISVILLE INTL AP;LOUISVILLE INTL AP;UNITED;38.1811;-85.7391;488;-5
PADUCAH BARKLEY RGNL AP;PADUCAH BARKLEY AP;UNITED;37.0563;-88.7744;413;-6
ALEXANDRIA INTL AP;ALEXANDRIA INTL AP;UNITED;31.33472;-92.55861;84;-6
BATON ROUGE RYAN AP;BATON ROUGE METRO AP;UNITED;30.5372;-91.1469;64;-6
BOOTHVILLE ASOS;BOOTHVILLE ASOS;UNITED;29.333;-89.4075;3;-6
FT POLK - SELF STRIP;FT POLK - SELF STRIP;UNITED;31.1136;-92.9656;374;-6
FT POLK FULLERTON LNDG STRIP;FT POLK FULLERTON LNDG STRIP;UNITED;31.15;-92.96667;310;-6
LAFAYETTE RGNL AP;LAFAYETTE FCWOS;UNITED;30.205;-91.9875;38;-6
LAKE CHARLES RGNL AP;LAKE CHARLES AP;UNITED;30.12472;-93.22833;9;-6
MONROE REGIONAL AP;MONROE REGIONAL AP;UNITED;32.5155;-92.0405;79;-6
NEW IBERIA ACA;NEW IBERIA AP ACADIANA RGNL;UNITED;30.0375;-91.88389;24;-6
NEW ORLEANS INTL AP;NEW ORLEANS AP;UNITED;29.9933;-90.2511;4;-6
NEW ORLEANS LAKEFRONT AP;NEW ORLEANS LKFRNT AP;UNITED;30.0494;-90.0288;9;-6
PEASON RIDGE RANGE;PEASON RIDGE RANGE;UNITED;31.4;-93.28333;-99999;-6
SALT POINT;SALT POINT;UNITED;29.56222;-91.52556;-99999;-6
SHREVEPORT DWTN AP;SHREVEPORT DWTN AP;UNITED;32.54278;-93.745;179;-6
SHREVEPORT RGNL AP;SHREVEPORT AP;UNITED;32.4472;-93.8244;254;-6
SLIDELL AP;SLIDELL AP;UNITED;30.34333;-89.82222;27;-6
TALLULAH VICKSBURG AP;TALLULAH VICKSBURG RGN;UNITED;32.35;-91.02778;86;-6
VENICE PHI HELIPORT;VENICE PHI HELIPORT;UNITED;29.26194;-89.36361;-99999;-6
BEDFORD HANSCOM FLD;BEDFORD HANSCOM FLD;UNITED;42.47;-71.28944;-99999;-5
BEVERLY MUNI AP;BEVERLY MUNI AP;UNITED;42.58417;-70.9175;-99999;-5
BOSTON LOGAN INTL AP;BOSTON;UNITED;42.3606;-71.0106;12;-5
CHATHAM MUNI AP;CHATHAM MUNI AP;UNITED;41.6875;-69.99333;-99999;-5
FITCHBURG MUNI AP;FITCHBURG MUNI AP;UNITED;42.55194;-71.75583;-99999;-5
HYANNIS BARNSTABLE MUNI AP;HYANNIS BARNSTABLE MUNI AP;UNITED;41.66861;-70.28;-99999;-5
LAWRENCE MUNI AP;LAWRENCE MUNI AP;UNITED;42.71722;-71.12389;-99999;-5
NANTUCKET MEM AP;NANTUCKET MEM AP;UNITED;41.25306;-70.06083;-99999;-5
NEW BEDFORD MUNI AP;NEW BEDFORD MUNI AP;UNITED;41.67639;-70.95833;-99999;-5
NORTH ADAMS HARRIMAN AP;NORTH ADAMS HARRIMAN AP;UNITED;42.7;-73.16667;655;-5
NORWOOD MEM AP;NORWOOD MEM AP;UNITED;42.19083;-71.17361;50;-5
ORANGE MUNI AP;ORANGE MUNI AP;UNITED;42.57;-72.29111;-99999;-5
PITTSFIELD MUNI AP;PITTSFIELD MUNI AP;UNITED;42.42722;-73.28917;-99999;-5
PLYMOUTH MUNI AP;PLYMOUTH MUNI AP;UNITED;41.90972;-70.72944;-99999;-5
TAUNTON MUNI AP;TAUNTON MUNI AP;UNITED;41.87556;-71.02111;-99999;-5
VINEYARD HAVEN AP;VINEYARD HAVEN AP;UNITED;41.39306;-70.615;-99999;-5
WESTFIELD BARNES MUNI AP;WESTFIELD BARNES MUNI AP;UNITED;42.15778;-72.71611;-99999;-5
WORCESTER RGNL AP;WORCESTER;UNITED;42.2706;-71.8731;1000;-5
BALTIMORE WASH INTL AP;BALTIMORE WASH INTL AP;UNITED;39.1666;-76.6833;156;-5
HAGERSTOWN WASHINGTON CO AP;HAGERSTOWN WASHINGTON CO AP;UNITED;39.70778;-77.72972;698;-5
MD SCI CTR BALTIMORE;MARYLAND SCIENCE CENTER;UNITED;39.2814;-76.6089;20;-5
OCEAN CITY MUNI AP;OCEAN CITY MUNI AP;UNITED;38.30833;-75.12389;-99999;-5
SALISBURY WICOMICO RGNL AP;SALISBURY FAA AP;UNITED;38.34056;-75.51028;48;-5
AUGUSTA STATE AP;AUGUSTA STATE AIRPORT;UNITED;44.3155;-69.7972;351;-5
BANGOR INTL AP;BANGOR AP;UNITED;44.7978;-68.8185;148;-5
CARIBOU MUNI AP;CARIBOU WFO;UNITED;46.8705;-68.0173;624;-5
FRENCHVILLE AROOSTOOK AP;FRENCHVILLE AROOSTOOK AP;UNITED;47.28556;-68.31333;-99999;-5
FRYEBURG E SLOPES AP;FRYEBURG E SLOPES AP;UNITED;43.99056;-70.9475;445;-5
GREENVILLE MAINE FORESTRY SVC;GREENVILLE MAINE FORESTRY SVC;UNITED;45.46222;-69.59528;-99999;-5
HOULTON INTL AP;HOULTON AP;UNITED;46.1236;-67.7928;476;-5
MILLINOCKET MUNI AP;MILLINOCKET MUNI AP;UNITED;45.6477;-68.6925;406;-5
PORTLAND INTL JETPORT;PORTLAND JETPORT;UNITED;43.6497;-70.3002;45;-5
WISCASSET AP;WISCASSET AP;UNITED;43.96361;-69.71167;-99999;-5
ADRIAN LENAWEE CO AP;ADRIAN LENAWEE CO AP;UNITED;41.86778;-84.07944;796;-5
ALPENA CO RGNL AP;ALPENA CO RGNL AP;UNITED;45.0716;-83.5644;684;-5
ANN ARBOR MUNI AP;ANN ARBOR MUNI AP;UNITED;42.22278;-83.74444;-99999;-5
BATTLE CREEK KELLOGG AP;BATTLE CREEK KELLOGG AP;UNITED;42.3075;-85.25111;928;-5
BENTON HARBOR AIRPORT ASOS;BENTON HARBOR AIRPORT ASOS;UNITED;42.1256;-86.4284;643;-5
COPPER HARBOR;COPPER HARBOR;UNITED;47.46667;-87.88333;626;-5
DETROIT CITY AP;DETROIT CITY AP;UNITED;42.40917;-83.01;-99999;-5
DETROIT METRO AP;DETROIT METRO AIRPORT;UNITED;42.2313;-83.3308;631;-5
DETROIT WILLOW RUN AP;DETROIT WILLOW RUN AP;UNITED;42.23333;-83.53333;777;-5
FLINT BISHOP INTL AP;FLINT FCWOS;UNITED;42.9666;-83.7494;770;-5
GAYLORD OTSEGO CO AP;GAYLORD OTSEGO CO AP;UNITED;45.01333;-84.70139;1335;-5
GRAND RAPIDS INTL AP;GERALD R FORD INTL AP;UNITED;42.8825;-85.52389;803;-5
HANCOCK HOUGHTON CO AP;HANCOCK HOUGHTON CO AP;UNITED;47.16861;-88.48889;-99999;-5
HOLLAND TULIP CITY AP;HOLLAND TULIP CITY AP;UNITED;42.74611;-86.09667;-99999;-5
HOUGHTON LK ROSCOMMON AP;HOUGHTON ROSCOMMON AP;UNITED;44.3591;-84.6738;1151;-5
IRON MTN FORD AP;IRON MTN FORD AP;UNITED;45.81833;-88.11444;-99999;-6
JACKSON REYNOLDS FLD;JACKSON COUNTY AP;UNITED;42.2667;-84.4667;998;-5
KALAMAZOO BATTLE CK INTL AP;KALAMAZOO BATTLE CK INTL AP;UNITED;42.23472;-85.55194;868;-5
LANSING CAPITAL CITY AP;LANSING CAPITAL CY AP;UNITED;42.78028;-84.57889;841;-5
MANISTIQUE;MANISTIQUE;UNITED;45.95;-86.22972;584;-5
MUSKEGON CO AP;MUSKEGON CO AP;UNITED;43.17111;-86.23667;625;-5
PELLSTON RGNL AP;PELLSTON RGNL AP;UNITED;45.5644;-84.7927;705;-5
PONTIAC OAKLAND CO INTL AP;PONTIAC OAKLAND CO INTL AP;UNITED;42.665;-83.41806;976;-5
PORT HOPE;PORT HOPE;UNITED;44.02194;-82.79306;590;-5
SAGINAW MBS INTL AP;SAGINAW MBS INTL AP;UNITED;43.53306;-84.07972;660;-5
SAULT STE MARIE SANDERSON FLD;SAULT STE MARIE SNDRSN;UNITED;46.4794;-84.3572;722;-5
TRAVERSE CITY CHERRY CPTL AP;TRAVERSE CITY FAA AP;UNITED;44.74083;-85.5825;618;-5
ALEXANDRIA MUNI AP;ALEXANDRIA CHANDLER FLD;UNITED;45.8679;-95.3941;1416;-6
BAUDETTE INTL AP;BAUDETTE INTL AP;UNITED;48.71667;-94.6;1082;-6
BRAINERD CROW WING CO AP;BRAINERD CROW WING CO AP;UNITED;46.40472;-94.13083;1221;-6
DULUTH INTL AP;DULUTH INTL AP;UNITED;46.8369;-92.1833;1433;-6
GRAND MARAIS;GRAND MARAIS;UNITED;47.74722;-90.34444;610;-6
HIBBING CHISHOLM HIBBING AP;HIBBING CHISHOLM HIBBING AP;UNITED;47.38639;-92.83889;-99999;-6
INTL FALLS INTL AP;INTERNATIONAL FALLS AP;UNITED;48.5614;-93.3981;1183;-6
MINNEAPOLIS/ST PAUL AP;MINNEAPOLIS/ST PAUL AP;UNITED;44.8831;-93.2289;872;-6
MPLS CRYSTAL AP;MPLS CRYSTAL AP;UNITED;45.06194;-93.35083;861;-6
MPLS FLYING CLOUD AP;MPLS FLYING CLOUD AP;UNITED;44.8321;-93.4705;907;-6
PARK RAPIDS MUNI AP;PARK RAPIDS MUNI AP;UNITED;46.90056;-95.06778;1434;-6
REDWOOD FALLS MUNI AP;REDWOOD FALLS MUNI AP;UNITED;44.54833;-95.08028;1021;-6
ROCHESTER INTL AP;ROCHESTER INTL AP;UNITED;43.9041;-92.4916;1304;-6
ST CLOUD RGNL AP;ST CLOUD MUNI AP;UNITED;45.5433;-94.0513;1009;-6
ST PAUL DOWNTOWN AP;ST PAUL DOWNTOWN AP;UNITED;44.93194;-93.05556;700;-6
CAPE GIRARDEAU MUNI AP;CAPE GIRARDEAU FAA AP;UNITED;37.2252;-89.5705;336;-6
CHILLICOTHE AGRI-SCI;CHILLICOTHE AGRI-SCI;UNITED;39.82333;-93.57917;769;-6
COLUMBIA RGNL AP;COLUMBIA RGNL AP;UNITED;38.8169;-92.2183;893;-6
JEFFERSON CITY MEM AP;JEFFERSON CITY MEM AP;UNITED;38.59111;-92.15583;573;-6
JOPLIN REGIONAL  AIRPORT;JOPLIN REGIONAL  AIRPORT;UNITED;37.1466;-94.5022;980;-6
KANSAS CITY DOWNTOWN AP;KANSAS CY DOWNTOWN AP;UNITED;39.1208;-94.5969;742;-6
KANSAS CITY INTL AP;KANSAS CITY INTL AP;UNITED;39.2972;-94.7306;1005;-6
KANSAS CITY R GEBAUR AP;KANSAS CITY R GEBAUR AP;UNITED;38.84389;-94.56028;1056;-6
KIRKSVILLE RGNL AP;KIRKSVILLE RGNL AP;UNITED;40.09722;-92.54333;-99999;-6
LEES SUMMIT MUNI AP;LEES SUMMIT MUNI AP;UNITED;38.95972;-94.37139;997;-6
POPLAR BLUFF MUNI AP;POPLAR BLUFF MUNI AP;UNITED;36.7725;-90.32472;327;-6
SEDALIA MEM AP;SEDALIA MEM AP;UNITED;38.70417;-93.18333;900;-6
SPRINGFIELD RGNL AP;SPRINGFIELD WSO AP;UNITED;37.2397;-93.3897;1259;-6
ST CHARLES CO AP;ST CHARLES CO AP;UNITED;38.92861;-90.42806;-99999;-6
ST JOSEPH ROSECRANS AP;ST JOSEPH ROSECRANS MEM;UNITED;39.7736;-94.9233;818;-6
ST LOUIS LAMBERT INTL AP;ST LOUIS LAMBERT INTL AIRPORT;UNITED;38.7525;-90.3736;531;-6
ST LOUIS SPRT OF S L AP;ST LOUIS SPRT OF S L AP;UNITED;38.65722;-90.65583;462;-6
VICHY ROLLA NATIONAL AP;VICHY ROLLA NATIONAL AP;UNITED;38.13111;-91.76833;1127;-6
WEST PLAINS MUNI AP;WEST PLAINS MUNI AP;UNITED;36.87806;-91.9025;1223;-6
GREENVILLE ASOS;GREENVILLE ASOS;UNITED;33.4825;-90.98528;128;-6
GREENWOOD LEFLORE AP;GREENWOOD LEFLORE AP;UNITED;33.4963;-90.0866;133;-6
GULFPORT - BILOXI AP;GULFPORT - BILOXI AP;UNITED;30.4119;-89.0808;42;-6
HATTIESBURG CHAIN MUNI AP;HATTIESBURG CHAIN AP;UNITED;31.28194;-89.25306;151;-6
JACKSON HAWKINS FLD;JACKSON HAWKINS FLD AP;UNITED;32.33667;-90.22139;342;-6
JACKSON INTL AP;JACKSON INTL AP;UNITED;32.3205;-90.0777;330;-6
MCCOMB/PIKE CO/JOHN E LEWIS AP;MCCOMB AP;UNITED;31.1827;-90.4708;413;-6
MERIDAN JOE WILLIAMS NOLF;MERIDAN JOE WILLIAMS NOLF;UNITED;32.8;-88.83333;540;-6
MERIDIAN KEY FLD;MERIDIAN AP;UNITED;32.3347;-88.7442;294;-6
PASCAGOULA LOTT INTL AP;PASCSGOULA AP;UNITED;30.46361;-88.53194;18;-6
TUPELO RGNL AP;TUPELO RGNL AP;UNITED;34.2622;-88.7713;361;-6
BAKER MUNI AP;BAKER MUNICIPAL AIRPORT;UNITED;46.35833;-104.25;2971;-7
BILLINGS LOGAN INTL AP;BILLINGS INTL AP;UNITED;45.8069;-108.5422;3581;-7
BOZEMAN GALLATIN FLD;BOZEMAN GALLATIN FLD;UNITED;45.788;-111.1608;4427;-7
BUTTE BERT MOONEY AP;BUTTE BERT MOONEY AP;UNITED;45.9647;-112.5006;5506;-7
CUT BANK MUNI AP;CUT BANK AP;UNITED;48.6033;-112.3752;3838;-7
DILLON AP;DILLON AIRPORT;UNITED;45.2575;-112.5544;5200;-7
GLASGOW INTL AP;GLASGOW INTL AP;UNITED;48.2138;-106.6214;2285;-7
GREAT FALLS INTL AP;GREAT FALLS AP;UNITED;47.4733;-111.3822;3664;-7
HAVRE CITY CO AP;HAVRE AP ASOS;UNITED;48.5428;-109.7633;2585;-7
HELENA RGNL AP;HELENA AP ASOS;UNITED;46.6056;-111.9636;3828;-7
JORDAN AP;JORDAN AP;UNITED;47.32583;-106.9475;-99999;-7
KALISPELL GLACIER AP;KALISPELL GLACIER AP;UNITED;48.3042;-114.2636;2957;-7
LEWISTOWN MUNI AP;LEWISTOWN AP;UNITED;47.0492;-109.4578;4145;-7
LIVINGSTON MISSION FLD;LIVINGSTON AP;UNITED;45.6983;-110.4408;4643;-7
MILES CITY F WILEY FLD;MILES CITY AP;UNITED;46.4266;-105.8825;2624;-7
MISSOULA INTL AP;MISSOULA INTL AP;UNITED;46.9208;-114.0925;3192;-7
WOLF POINT INTL AP;WOLF POINT INTL AP;UNITED;48.09444;-105.57444;-99999;-7
ASHEVILLE RGNL AP;ASHEVILLE AP;UNITED;35.43194;-82.5375;2117;-5
BEAUFORT MICHAEL J SMITH FLD;BEAUFORT MICHAEL J SMITH FLD;UNITED;34.73361;-76.66056;-99999;-5
BURLINGTON ALAMANCE AP;BURLINGTON ALAMANCE AP;UNITED;36.04667;-79.47694;-99999;-5
CAPE HATTERAS AP;CAPE HATTERAS AP;UNITED;35.2326;-75.6219;11;-5
CHAPEL HILL WILLIAMS AP;CHAPEL HILL WILLIAMS AP;UNITED;35.93333;-79.06417;-99999;-5
CHARLOTTE DOUGLAS AP;CHARLOTTE DOUGLAS AP;UNITED;35.2236;-80.9552;728;-5
CHERRY POINT MCAS ASOS 2;CHERRY POINT MCAS ASOS 2;UNITED;34.88333;-76.86667;30;-5
ELIZABETH CITY CGAS;ELIZABETH CITY CGAS;UNITED;36.26056;-76.175;-99999;-5
FAYETTEVILLE POPE AFB;FAYETTEVILLE POPE AFB;UNITED;35.17389;-79.00889;218;-5
FAYETTEVILLE RGNL AP;FAYETTEVILLE RGNL AP;UNITED;34.99139;-78.88028;186;-5
GASTONIA MUNI AP;GASTONIA MUNI AP;UNITED;35.19667;-81.15583;-99999;-5
GOLDSBORO S JOHNSON AFB;GOLDSBORO 4 SE;UNITED;35.3444;-77.9647;109;-5
HICKORY FAA AP;HICKORY FAA AP;UNITED;35.7425;-81.3819;1143;-5
LAURINBURG MAXTON AP;LAURINBURG MAXTON AP;UNITED;34.79167;-79.36611;-99999;-5
LUBERTION REGIONAL AP;LUMBERTON REGIONAL AP;UNITED;34.608;-79.0591;121;-5
MONROE AP;MONROE AP;UNITED;35.01694;-80.62056;-99999;-5
NEW BERN CRAVEN CO AP;NEW BERN - ASOS;UNITED;35.0677;-77.048;19;-5
PIEDMONT TRIAD INTL AP;GREENSBORO  AP;UNITED;36.0969;-79.9432;890;-5
RALEIGH DURHAM INTL AP;RALEIGH  AP;UNITED;35.8923;-78.7819;416;-5
ROANOKE RAPIDS AP;ROANOKE RAPIDS AP;UNITED;36.43944;-77.70972;-99999;-5
ROCKY MT WILSON AP;ROCKY MT WILSON AP;UNITED;35.855;-77.89306;-99999;-5
SWANSBORO BOGUE FLD MCAF;SWANSBORO BOGUE FLD MCAF;UNITED;34.68333;-77.03333;-99999;-5
WILMINGTON INTL AP;WILMINGTON INTL AP;UNITED;34.2675;-77.8997;33;-5
WINSTON SALEM RYNLDS AP;WINSTON SALEM RYNLDS AP;UNITED;36.13361;-80.22222;-99999;-5
BISMARCK MUNI AP;BISMARCK MUNI AP;UNITED;46.7825;-100.7572;1651;-6
FARGO HECTOR INTL AP;FARGO HECTOR INTL AP;UNITED;46.92528;-96.81111;900;-6
GARRISON;GARRISON;UNITED;47.64583;-101.43944;1910;-6
GRAND FORKS INTL AP;GRAND FORKS INTL AP;UNITED;47.9428;-97.1839;842;-6
HETTINGER MUNI AP;HETTINGER MUNI AP;UNITED;46.01389;-102.65472;-99999;-7
JAMESTOWN MUNI AP;JAMESTOWN MUNI AP;UNITED;46.9258;-98.6691;1494;-6
MINOT INTL AP;MINOT INTL AP;UNITED;48.2552;-101.2733;1665;-6
THEODORE ROOSEVELT AP;THEODORE ROOSEVELT AP;UNITED;46.7994;-102.7972;2580;-7
WILLISTON SLOULIN INTL AP;WILLISTON SLOULIN FLD;UNITED;48.1738;-103.6366;1902;-6
ALLIANCE MUNI AP;ALLIANCE MUNICIPAL AIRPORT ASO;UNITED;42.0573;-102.8017;3929;-7
BROKEN BOW MUNI AP;BROKEN BOW MUNI AP;UNITED;41.43333;-99.63333;2530;-6
CHADRON MUNI AP;CHADRON MUNI AP;UNITED;42.8374;-103.0981;3294;-7
FALLS CITY BRENNER FLD;FALLS CITY BRENNER FLD;UNITED;40.08028;-95.59194;980;-6
GRAND ISLAND AP;GRAND ISLAND CTR NE AP;UNITED;40.9611;-98.3136;1840;-6
HASTINGS MUNI AP;HASTINGS MUNICIPAL AIRPORT;UNITED;40.6005;-98.4258;1961;-6
IMPERIAL MUNI AP;IMPERIAL MUNI AP;UNITED;40.51;-101.62;3268;-7
LINCOLN MUNI AP;LINCOLN AP;UNITED;40.8508;-96.7475;1190;-6
MCCOOK MUNI AP;MCCOOK MUNI AP;UNITED;40.20639;-100.59139;-99999;-6
NORFOLK KARL STEFAN AP;NORFOLK AP;UNITED;41.9855;-97.4352;1551;-6
NORTH PLATTE RGNL AP;NORTH PLATTE RGNL AP;UNITED;41.1213;-100.6694;2778;-6
OMAHA EPPLEY AIRFIELD;OMAHA EPPLEY AIRFIELD;UNITED;41.3102;-95.8991;982;-6
ORD EVELYN SHARP FLD;EVELYN SHARP FIELD;UNITED;41.62333;-98.94833;2064;-6
SCOTTSBLUFF HEILIG AP;SCOTTSBLUFF AP;UNITED;41.8705;-103.593;3945;-7
SIDNEY MUNI AP;SIDNEY MUNICIPAL AIRPORT;UNITED;41.0993;-102.9863;4296;-7
TEKAMAH MUNI AP;TEKAMAH MUNI AP;UNITED;41.76361;-96.17778;1028;-6
VALENTINE MILLER FLD;VALENTINE MILLER AP;UNITED;42.8783;-100.55;2590;-6
BERLIN MUNI AP;BERLIN MUNI AP;UNITED;44.57611;-71.17861;-99999;-5
CONCORD MUNI AP;CONCORD ASOS;UNITED;43.1952;-71.5011;346;-5
JAFFREY MUNI AP;JAFFREY MUNI AP;UNITED;42.805;-72.00361;1040;-5
LEBANON MUNI AP;LEBANON MUNI AP;UNITED;43.62639;-72.30472;598;-5
MANCHESTER AP;MANCHESTER AP;UNITED;42.93333;-71.43833;225;-5
ROCHESTER SKYHAVEN AP;ROCHESTER SKYHAVEN AP;UNITED;43.27806;-70.92222;-99999;-5
WHITEFIELD MT WASHINGTON AP;WHITEFIELD MT WASHINGTON AP;UNITED;44.3675;-71.545;-99999;-5
ANDOVER AEROFLEX AP;ANDOVER AEROFLEX AP;UNITED;41.00889;-74.73667;-99999;-5
ATLANTIC CITY INTL AP;ATLANTIC CITY INTL AP;UNITED;39.4494;-74.5672;60;-5
CALDWELL ESSEX CO AP;CALDWELL ESSEX CO AP;UNITED;40.87639;-74.28306;-99999;-5
MILLVILLE MUNI AP;MILVILLE FAA AP;UNITED;39.3667;-75.0667;70;-5
MT HOLLY S JERSEY AP;MT HOLLY S JERSEY AP;UNITED;39.94917;-74.84167;-99999;-5
NEWARK INTL AP;NEWARK INTL AP;UNITED;40.6825;-74.16944;7;-5
SOMERVILLE SOMERSET AP;SOMERVILLE SOMERSET AP;UNITED;40.62389;-74.66944;-99999;-5
SUSSEX AP;SUSSEX AP;UNITED;41.20028;-74.62306;-99999;-5
TETERBORO AP;TETERBORO AP;UNITED;40.85;-74.06139;-99999;-5
TRENTON MERCER CO AP;TRENTON MERCER CO AP;UNITED;40.27694;-74.81583;184;-5
ALBUQUERQUE INTL AP;ALBUQUERQUE INTL AP;UNITED;35.0419;-106.6155;5310;-7
CARLSBAD CAVERN CITY AP;CAVERN CITY AIRPORT;UNITED;32.3335;-104.258;3232;-7
CLAYTON MUNI AIR PK;CLAYTON MUNI ARPK AP;UNITED;36.4486;-103.1539;4960;-7
CLINES CORNERS;CLINES CORNERS;UNITED;35.00278;-105.66278;7086;-7
DEMING MUNI AP;DEMING MUNI AP;UNITED;32.26222;-107.72056;4301;-7
FARMINGTON RGNL AP;FARMINGTON RGNL AP;UNITED;36.74361;-108.22917;5495;-7
GALLUP MUNI AP;GALLUP MUNI AP;UNITED;35.5144;-108.794;6471;-7
LAS VEGAS MUNI AP;LAS VEGAS MUNI AP;UNITED;35.65417;-105.14194;-99999;-7
RATON MUNI CREWS AP;RATON MUNI CREWS AP;UNITED;36.74139;-104.50222;-99999;-7
ROSWELL IND AIR PK;ROSWELL IND AP;UNITED;33.3075;-104.5083;3649;-7
SANTA FE CO MUNI AP;SANTA FE CO MUNI AP;UNITED;35.61694;-106.08889;-99999;-7
TRUTH OR CONSEQUENCE AP;TRUTH OR CONSEQUENCE AP;UNITED;33.23667;-107.26806;-99999;-7
TUCUMCARI MUNI AP;TUCUMCARI MUNI AP;UNITED;35.18222;-103.60306;-99999;-7
ELKO RGNL AP;ELKO RGNL AP;UNITED;40.8288;-115.7886;5030;-8
ELY YELLAND FLD AP;ELY AIRPORT;UNITED;39.2952;-114.8466;6262;-8
EUREKA AIRPORT;EUREKA AP;UNITED;39.6013;-116.0055;5936;-8
LAS VEGAS AIR TERMINAL;LAS VEGAS AIR TERMINAL;UNITED;36.21167;-115.19583;-99999;-8
LAS VEGAS MCCARRAN AP;LAS VEGAS AP;UNITED;36.0719;-115.1634;2180;-8
LOVELOCK DERBY FLD;LOVELOCK DERBY FLD AP;UNITED;40.0681;-118.5692;3902;-8
MERCURY DESERT ROCK AP;DESERT ROCK AP;UNITED;36.6206;-116.0278;3230;-8
RENO TAHOE INTL AP;RENO AP;UNITED;39.4838;-119.7711;4410;-8
TONOPAH;TONOPAH AIRPORT;UNITED;38.0511;-117.0902;5395;-8
TONOPAH TEST RNG #74 NELLIS AF;TONOPAH TEST RNG #74 NELLIS AF;UNITED;37.61722;-116.26417;5760;-8
WINNEMUCCA MUNI AP;WINNEMUCCA AP;UNITED;40.9017;-117.808;4296;-8
ALBANY AP;ALBANY INTL AP;UNITED;42.7431;-73.8092;312;-5
BINGHAMTON GREATER AP;BINGHAMTON GREATER AP;UNITED;42.2068;-75.98;1595;-5
BUFFALO NIAGARA INTL AP;BUFFALO NIAGARA INTL;UNITED;42.9408;-78.7358;716;-5
DANSVILLE MUNI AP;DANSVILLE MUNI AP;UNITED;42.57083;-77.71333;-99999;-5
DUNKIRK CHAUTAUQUA AP;DUNKIRK CHAUTAUQUA AP;UNITED;42.49333;-79.27222;666;-5
ELMIRA CORNING RGNL AP;ELMIRA CORNING RGNL AP;UNITED;42.15944;-76.89194;-99999;-5
FARMINGDALE AP;FARMINGDALE AP;UNITED;40.73417;-73.41694;-99999;-5
FULTON OSWEGO CO AP;FULTON OSWEGO CO AP;UNITED;43.34972;-76.38472;-99999;-5
GLENS FALLS AP;GLENS FALLS AP;UNITED;43.35;-73.6167;321;-5
MASSENA INTL AP;MASSENA INTL AP;UNITED;44.93583;-74.84583;214;-5
MONTAUK AP;MONTAUK AP;UNITED;41.07306;-71.92333;7;-5
MONTGOMERY ORANGE AP;MONTGOMERY ORANGE AP;UNITED;41.50917;-74.265;-99999;-5
NEW YORK CNTRL PK TWR;NY CITY CNTRL PARK;UNITED;40.77889;-73.96917;130;-5
NEW YORK JFK INTL AP;NEW YORK JFK INTL AP;UNITED;40.63861;-73.76222;11;-5
NEW YORK LAGUARDIA AP;NEW YORK LA GUARDIA AP;UNITED;40.77944;-73.88028;11;-5
NIAGARA FALLS INTL AP;NIAGARA FALLS ASOS;UNITED;43.10833;-78.93806;585;-5
PENN YAN AP;PENN YAN AP;UNITED;42.6425;-77.05639;-99999;-5
PLATTSBURGH CLINTON AP;PLATTSBURGH CLINTON AP;UNITED;44.68722;-73.52306;-99999;-5
POUGHKEEPSIE DUTCHESS CO AP;POUGHKEEPSIE AIRPORT;UNITED;41.6266;-73.8842;166;-5
ROCHESTER GTR INTL AP;ROCHESTER INTL AP;UNITED;43.1167;-77.6767;539;-5
SARANAC RGNL AP;SARANAC RGNL AP;UNITED;44.38528;-74.20667;-99999;-5
SHIRLEY BROOKHAVEN AP;SHIRLEY BROOKHAVEN AP;UNITED;40.82167;-72.86889;-99999;-5
SYRACUSE HANCOCK INTL AP;SYRACUSE HANCOCK  AP;UNITED;43.1111;-76.1038;413;-5
WATERTOWN INTL AP;WATERTOWN AP;UNITED;43.9922;-76.0217;318;-5
WELLSVILLE MUNI AP;WELLSVILLE MUNI AP;UNITED;42.10944;-77.99194;2124;-5
WESTCHESTER CO AP;WESTCHESTER CO AP;UNITED;41.06694;-73.7075;379;-5
WESTHAMPTN GABRESKI AP;WESTHAMPTN GABRESKI AP;UNITED;40.84361;-72.63222;-99999;-5
AKRON CANTON RGNL AP;AKRON CANTON WSO AP;UNITED;40.91667;-81.43333;1208;-5
AKRON FULTON INTL AP;AKRON FULTON INTL AP;UNITED;41.0375;-81.46417;1044;-5
ASHTABULA CO AP;ASHTABULA CO AP;UNITED;41.77806;-80.69583;-99999;-5
CINCINNATI LUNKEN AP;CINCINNATI LUNKEN AP;UNITED;39.10333;-84.41889;490;-5
CLEVELAND BURKE AP;CLEVELAND BURKE AP;UNITED;41.5175;-81.68361;-99999;-5
CLEVELAND HOPKINS INTL AP;CLEVELAND WSFO AP;UNITED;41.405;-81.85278;770;-5
COLUMBUS OHIO STATE UNIV AP;COLUMBUS OHIO STATE UNIV AP;UNITED;40.07806;-83.07806;-99999;-5
COLUMBUS PORT COLUMBUS INTL AP;COLUMBUS WSO AP;UNITED;39.99139;-82.88083;810;-5
DAYTON INTL AP;DAYTON WSO AP;UNITED;39.90611;-84.21861;1000;-5
DAYTON WRIGHT BROS AP;DAYTON WRIGHT BROS AP;UNITED;39.59361;-84.22639;-99999;-5
DEFIANCE AP;DEFIANCE AP;UNITED;41.3375;-84.42889;707;-5
ELYRIA LORAIN CO AP;ELYRIA LORAIN CO AP;UNITED;41.34611;-82.17944;-99999;-5
FINDLAY AP;FINDLAY FAA AP;UNITED;41.01361;-83.66861;800;-5
HAMILTON BUTLER CO RGNL AP;HAMILTON BUTLER CO RGNL AP;UNITED;39.36444;-84.52472;-99999;-5
LANCASTER FAIRFIELD AP;LANCASTER FAIRFIELD AP;UNITED;39.75556;-82.65722;-99999;-5
LIMA ALLEN COUNTY AP;LIMA AP;UNITED;40.7075;-84.02722;975;-5
MANSFIELD LAHM MUNI AP;MANSFIELD WSO AP;UNITED;40.82028;-82.51778;1295;-5
MARION MUNI AP;MARION MUNI AP;UNITED;40.61611;-83.06361;-99999;-5
NEW PHILADELPHIA FLD;NEW PHILADELPHIA FLD;UNITED;40.47194;-81.42361;-99999;-5
NEWARK HEATH AP;NEWARK HEATH AP;UNITED;40.02278;-82.4625;-99999;-5
TOLEDO EXPRESS AP;TOLEDO EXPRESS WSO AP;UNITED;41.58861;-83.80139;669;-5
TOLEDO METCALF FLD;TOLEDO METCALF FLD;UNITED;41.56306;-83.47639;-99999;-5
WILMINGTON AIRBORNE PARK;WILMINGTON AIRBORNE PARK;UNITED;39.42028;-83.82167;-99999;-5
WOOSTER WAYNE CO AP;WOOSTER WAYNE CO AP;UNITED;40.87306;-81.88667;-99999;-5
YOUNGSTOWN RGNL AP;YOUNGSTOWN WSO AP;UNITED;41.25444;-80.67389;1180;-5
ZANESVILLE MUNI AP;ZANESVILLE FAA AP;UNITED;39.94444;-81.89222;880;-5
BARTLESVILLE F P FLD;BARTLESVILLE MUNICIPAL AP;UNITED;36.7683;-96.0261;715;-6
CLINTON SHERMAN AP;CLINTON SHERMAN AP;UNITED;35.21;-99.12;1922;-6
FREDERICK MUNI AP;FREDERICK MUNICIPAL AP;UNITED;34.21;-98.59;1255;-6
GAGE AP;GAGE AP;UNITED;36.2967;-99.7689;2191;-6
GUTHRIE MUNI AP;GUTHRIE MUNICIPAL AP;UNITED;35.8517;-97.4142;1068;-6
GUYMON MUNI AP;GUYMON MUNI AP;UNITED;36.68167;-101.50528;-99999;-6
HOBART MUNI AP;HOBART MUNICIPAL  AIRPORT;UNITED;34.9894;-99.0525;1556;-6
LAWTON MUNI AP;LAWTON-FT. SILL REGIONAL AP;UNITED;34.5584;-98.4172;1069;-6
MCALESTER RGNL AP;MCALESTER REGIONAL AIRPORT;UNITED;34.8822;-95.783;770;-6
MUSKOGEE DAVIS FLD;MUSKOGEE DAVIS FLD;UNITED;35.65667;-95.36139;-99999;-6
OKLAHOMA CITY POST AP;OKLAHOMA CITY POST AP;UNITED;35.53417;-97.64694;1297;-6
OKLAHOMA CITY WILL ROGERS AP;OKLAHOMA CITY WILL ROGERS AP;UNITED;35.3889;-97.6006;1285;-6
PONCA CITY MUNI AP;PONCA CITY MUNI AP;UNITED;36.73667;-97.10194;1000;-6
STILLWATER RGNL AP;STILLWATER RGNL AP;UNITED;36.1624;-97.0894;984;-6
TULSA INTL AP;TULSA INTL AP;UNITED;36.1994;-95.8872;650;-6
TULSA R L JONES JR AP;TULSA R L JONES JR AP;UNITED;36.03944;-95.98444;-99999;-6
ASTORIA RGNL AP;ASTORIA AP PORT OF;UNITED;46.1569;-123.8825;9;-8
AURORA STATE AP;AURORA STATE AP;UNITED;45.24861;-122.76861;-99999;-8
BAKER CITY MUNI AP;BAKER CITY AP;UNITED;44.8428;-117.8086;3361;-8
BURNS MUNI AP;BURNS MUNI AP;UNITED;43.595;-118.9564;4140;-8
EUGENE MAHLON SWEET AP;EUGENE-MAHLON SWEET FLD;UNITED;44.1278;-123.2206;353;-8
HERMISTON MUNI AP;HERMISTON MUNI AP;UNITED;45.82583;-119.26111;-99999;-8
KLAMATH FALLS INTL AP;KLAMATH FALLS AG STN;UNITED;42.14694;-121.72417;4084;-8
MCMINNVILLE MUNI AP;MCMINNVILLE MUNI AP;UNITED;45.19472;-123.13389;-99999;-8
MEACHAM;MEACHAM;UNITED;45.51139;-118.42472;3723;-8
MEDFORD ROGUE VLY AP;MEDFORD INTL AP;UNITED;42.3811;-122.8722;1297;-8
ONTARIO MUNI AP;ONTARIO;UNITED;44.02056;-117.01278;2193;-7
PENDLETON E OR RGNL AP;PENDLETON E OR RGNL AP;UNITED;45.6983;-118.8547;1486;-8
PORTLAND INTL AP;PORTLAND INTL AP;UNITED;45.5958;-122.6093;19;-8
PORTLAND TROUTDALE AP;PORTLAND TROUTDALE AP;UNITED;45.55111;-122.40889;29;-8
PORTLAND-HILLSBORO AP;PORTLAND-HILLSBORO AP;UNITED;45.54056;-122.94861;-99999;-8
REDMOND ROBERTS FLD;REDMOND AP;UNITED;44.2558;-121.1392;3043;-8
ROME ST AP;ROME ST AP;UNITED;42.59056;-117.86444;4050;-8
ROSEBURG RGNL AP;ROSEBURG RGNL AP;UNITED;43.23889;-123.35472;-99999;-8
SALEM MCNARY FLD;SALEM AP MCNARY FLD;UNITED;44.905;-123.0011;205;-8
SCAPPOOSE IND AP;SCAPPOOSE IND AP;UNITED;45.77278;-122.86111;-99999;-8
SEXTON SUMMIT;SEXTON SUMMIT;UNITED;42.6003;-123.3641;3832;-8
ALLENTOWN INTL AP;ALLENTOWN AP;UNITED;40.65083;-75.4492;390;-5
ALTOONA BLAIR CO AP;ALTOONA BLAIR CO AP;UNITED;40.29639;-78.32028;1480;-5
BRADFORD RGNL AP;BRADFORD FAA AP;UNITED;41.8;-78.6333;2142;-5
CLEARFIELD LAWRENCE AP;CLEARFIELD LAWRENCE AP;UNITED;41.04667;-78.41167;-99999;-5
DOYLESTOWN AP;DOYLESTOWN AP;UNITED;40.33;-75.1225;-99999;-5
DUBOIS JEFFERSON CO AP;DUBOIS FAA AP;UNITED;41.17833;-78.89889;1814;-5
ERIE INTL AP;ERIE WSO AP;UNITED;42.08;-80.1825;730;-5
HARRISBURG CPTL CY AP;HARRISBURG CPTL CY AP;UNITED;40.21722;-76.85139;340;-5
JOHNSTOWN CAMBRIA CO AP;JOHNSTOWN CAMBRIA CO AP;UNITED;40.31611;-78.83389;-99999;-5
LANCASTER AP;LANCASTER AP;UNITED;40.12028;-76.29444;-99999;-5
MIDDLETOWN HARRISBURG INTL AP;MIDDLETOWN HARRISBG AP;UNITED;40.1962;-76.7724;312;-5
MT POCONO MOUNTAINS AP;MT POCONO MOUNTAINS AP;UNITED;41.13889;-75.37944;-99999;-5
PHILADELPHIA INTL AP;PHILADELPHIA INTL AP;UNITED;39.8683;-75.2311;10;-5
PHILADELPHIA NE AP;PHILADELPHIA NE AP;UNITED;40.08194;-75.01111;100;-5
PITTSBURGH ALLEGHENY CO AP;PITTSBURGH ALLEGHENY CO AP;UNITED;40.35472;-79.92167;1248;-5
PITTSBURGH INTL AP;PITTSBURGH ASOS;UNITED;40.4846;-80.2144;1203;-5
PORT MEADVILLE AP;PORT MEADVILLE AP;UNITED;41.62639;-80.215;-99999;-5
POTTSTOWN LIMERICK AP;POTTSTOWN LIMERICK AP;UNITED;40.23833;-75.55722;-99999;-5
SELINSGROVE PENN VLY AP;SELINSGROVE PENN VLY AP;UNITED;40.82056;-76.86417;444;-5
WILKES-BARRE INTL AP;WILKES-BARRE INTL AP;UNITED;41.3336;-75.7269;930;-5
WILLIAMSPORT;WILLIAMSPORT REGIONAL AP;UNITED;41.2433;-76.9217;520;-5
YORK AP;YORK AP;UNITED;39.91806;-76.87417;-99999;-5
ROOSEVELT ROADS;ROOSEVELT ROADS;UNITED;18.255;-65.64083;33;-4
NEWPORT STATE AP;NEWPORT STATE AP;UNITED;41.53333;-71.28333;-99999;-5
PROVIDENCE T F GREEN AP;PROVIDENCE;UNITED;41.7219;-71.4325;60;-5
WESTERLY STATE AP;WESTERLY STATE AP;UNITED;41.34972;-71.79889;-99999;-5
ANDERSON CO AP;ANDERSON FAA AP;UNITED;34.4977;-82.7097;760;-5
CHARLESTON INTL AP;CHARLESTON INTL. AIRPORT;UNITED;32.8986;-80.0402;40;-5
CLEMSON OCONEE CO AP;CLEMSON OCONEE CO AP;UNITED;34.67194;-82.88639;-99999;-5
COLUMBIA METRO AP;COLUMBIA METRO AP;UNITED;33.9419;-81.1181;225;-5
COLUMBIA OWENS DWTN AP;COLUMBIA OWENS DWTN AP;UNITED;33.97056;-80.99583;-99999;-5
FLORENCE RGNL AP;FLORENCE RGNL AP;UNITED;34.1852;-79.7238;146;-5
GREENVILLE DWTN AP;GREENVILLE DWTN AP;UNITED;34.84611;-82.34611;-99999;-5
GREENWOOD CO AP;GREENWOOD CO AP;UNITED;34.24861;-82.15917;-99999;-5
GRNVL SPART AP;GRNVL SPART INTL AP;UNITED;34.8842;-82.2209;943;-5
N MYRTLE BCH AP;NORTH MYRTLE BEACH;UNITED;33.81167;-78.72389;32;-5
ORANGEBURG MUNI AP;ORANGEBURG MUNI AP;UNITED;33.46167;-80.85806;-99999;-5
ROCK HILL YORK CO AP;ROCK HILL YORK CO AP;UNITED;34.98694;-81.0575;-99999;-5
ABERDEEN RGNL AP;ABERDEEN RGNL AP;UNITED;45.4433;-98.413;1297;-6
BUFFALO ASOS;BUFFALO ASOS;UNITED;45.60444;-103.54639;3004;-7
CHAMBERLAIN MUNI AP;CHAMBERLAIN MUNI AP;UNITED;43.76667;-99.31833;1703;-6
CUSTER CO AP;CUSTER CO AP;UNITED;43.73306;-103.61139;5545;-7
FAITH MUNI AP;FAITH MUNI AP;UNITED;45.03194;-102.01917;2580;-7
HURON RGNL AP;HURON AP;UNITED;44.3981;-98.2231;1280;-6
MITCHELL MUNI AP;MITCHELL AP;UNITED;43.7743;-98.0384;1299;-6
MOBRIDGE MUNI AP;MOBRIDGE MUNI AP;UNITED;45.54639;-100.40778;-99999;-6
PHILIP AP;PHILIP AP;UNITED;44.05111;-101.60111;2206;-7
PIERRE RGNL AP;PIERRE RGNL AP;UNITED;44.3813;-100.2855;1742;-6
PINE RIDGE AP;PINE RIDGE AP;UNITED;43.02056;-102.51833;-99999;-7
RAPID CITY REGIONAL AP;RAPID CITY REGIONAL AP;UNITED;44.0433;-103.0536;3160;-7
SIOUX FALLS FOSS FLD;SIOUX FALLS AP;UNITED;43.5778;-96.7539;1428;-6
SISSETON MUNI AP;SISSETON MUNI AP;UNITED;45.66889;-96.99139;-99999;-6
WATERTOWN RGNL AP;WATERTOWN RGNL AP;UNITED;44.9047;-97.1494;1748;-6
WINNER WILEY FLD;WINNER WILEY FLD;UNITED;43.39056;-99.84222;2032;-6
BRISTOL TRI CITY AP;BRISTOL AP;UNITED;36.4731;-82.4044;1500;-5
CHATTANOOGA LOVELL AP;CHATTANOOGA AP;UNITED;35.0311;-85.2014;671;-5
CLARKSVILLE OUTLAW AP;CLARKSVILLE OUTLAW FLD;UNITED;36.62389;-87.41944;560;-6
CROSSVILLE MEM AP;CROSSVILLE AP;UNITED;35.9509;-85.0813;1867;-6
JACKSON MCKELLAR AP;JACKSON MCKELLAR- SIPES AP;UNITED;35.593;-88.9167;433;-6
KNOXVILLE MCGHEE TYSON AP;KNOXVILLE AP;UNITED;35.8181;-83.9858;962;-5
MEMPHIS INTL AP;MEMPHIS INTL AP;UNITED;35.0564;-89.9865;254;-6
NASHVILLE INTL AP;NASHVILLE ASOS;UNITED;36.11889;-86.68917;600;-6
OAK RIDGE ASOS;OAK RIDGE ASOS;UNITED;36.0236;-84.2375;910;-5
SMYRNA AP;SMYRNA AP;UNITED;36.00889;-86.52;-99999;-6
ABILENE RGNL AP;ABILENE RGNL AP;UNITED;32.4105;-99.6822;1790;-6
ALICE INTL AP;ALICE INTL AP;UNITED;27.74111;-98.02472;173;-6
AMARILLO INTL AP;AMARILLO WSO AP;UNITED;35.2295;-101.7042;3604;-6
ANGLETON BRAZORIA AP;ANGLETON BRAZORIA AP;UNITED;29.10972;-95.46194;25;-6
ARLINGTON MUNI AP;ARLINGTON MUNI AP;UNITED;32.66361;-97.09389;-99999;-6
AUSTIN BERGSTROM AP;AUSTIN BERGSTROM;UNITED;30.1831;-97.6799;480;-6
AUSTIN-CAMP MABRY;AUSTIN-CAMP MABRY;UNITED;30.3208;-97.7604;670;-6
BORGER HUTCHINSON CO AP;BORGER HUTCHINSON CO AP;UNITED;35.695;-101.395;-99999;-6
BROWNSVILLE INTL AP;BROWNSVILLE INTL AP;UNITED;25.9141;-97.423;24;-6
BURNET MUNI AP;BURNET MUNI AP;UNITED;30.7406;-98.2354;1288;-6
CHILDRESS MUNI AP;CHILDRESS MUNI AP;UNITED;34.4272;-100.2831;1951;-6
COLLEGE STN;CLG STN EASTERWD AP;UNITED;30.58917;-96.36472;305;-6
CONROE MONTGOMERY CO AP;CONROE MONTGOMERY CO AP;UNITED;30.35667;-95.41389;-99999;-6
CORPUS CHRISTI CABANISS FLD;CORPUS CHRISTI CABANISS FLD;UNITED;27.7;-97.43333;-99999;-6
CORPUS CHRISTI INTL AP;CORPUS CHRISTI AP;UNITED;27.7742;-97.5122;44;-6
CORPUS CHRISTI WALDRON OLF;CORPUS CHRISTI WALDRON OLF;UNITED;27.63333;-97.31667;25;-6
CORSICANA CAMPBELL FLD;CORSICANA CAMPBELL FLD;UNITED;32.03111;-96.39889;-99999;-6
COTULLA LA SALLE CO AP;COTULLA LA SALLE CO AP;UNITED;28.45667;-99.21833;476;-6
DALHART MUNI AP;DALHART FAA AP;UNITED;36.0167;-102.55;3990;-6
DALLAS FT WORTH AP;DAL-FTW WSCMO AP;UNITED;32.8978;-97.0189;560;-6
DALLAS LOVE FLD;DALLAS FAA AP;UNITED;32.8519;-96.8555;440;-6
DALLAS REDBIRD AP;DALLAS REDBIRD AP;UNITED;32.68083;-96.86806;658;-6
DEL RIO INTL AP;DEL RIO AP;UNITED;29.3784;-100.927;999;-6
DENTON MUNI AP;DENTON MUNI AP;UNITED;33.20611;-97.19889;-99999;-6
DRYDEN TERRELL CO AP;DRYDEN TERRELL CO AP;UNITED;30.04806;-102.21306;-99999;-6
EL PASO INTL AP;EL PASO AP;UNITED;31.81111;-106.37583;3918;-7
FT STOCKTON PECOS AP;FT STOCKTON PECOS AP;UNITED;30.91194;-102.91667;3010;-6
FT WORTH ALLIANCE AP;FT WORTH ALLIANCE AP;UNITED;32.97333;-97.31806;685;-6
FT WORTH MEACHAM FLD;FT WORTH MEACHAM FLD;UNITED;32.81917;-97.36139;687;-6
GALVESTON SCHOLES FLD;GALVESTON;UNITED;29.2733;-94.8592;5;-6
HARLINGEN RIO GRANDE AP;HARLINGEN RIO GRANDE AP;UNITED;26.22806;-97.65417;34;-6
HONDO MUNI AP;HONDO MUNI AP;UNITED;29.3601;-99.1742;920;-6
HOUSTON CLOVER FLD;HOUSTON CLOVER FLD;UNITED;29.51889;-95.24167;-99999;-6
HOUSTON HOBBY AP;HOUSTON HOBBY AP;UNITED;29.63806;-95.28194;44;-6
HOUSTON HOOKS MEM AP;HOUSTON HOOKS MEM AP;UNITED;30.0675;-95.55611;-99999;-6
HOUSTON INTERCONT AP;HOUSTON BUSH INTL AP;UNITED;29.98;-95.36;95;-6
HOUSTON SUGARLAND MEM;SUGAR LAND;UNITED;29.62194;-95.65667;84;-6
HUNTSVILLE MUNI AP;HUNTSVILLE MUNI AP;UNITED;30.74389;-95.58611;-99999;-6
JUNCTION KIMBLE CO AP;JUNCTION KIMBLE CO AP;UNITED;30.51083;-99.76639;-99999;-6
LONGVIEW E TX RGNL AP;LONGVIEW E TX RGNL AP;UNITED;32.38472;-94.71167;365;-6
LUBBOCK INTL AP;LUBBOCK INTL AP;UNITED;33.6656;-101.8231;3254;-6
LUFKIN ANGELINA CO AP;LUFKIN ANGELINA CO AP;UNITED;31.23611;-94.75444;288;-6
MCALLEN MILLER INTL AP;MCALLEN INTL AP;UNITED;26.18389;-98.25389;100;-6
MCKINNEY MUNI AP;MCKINNEY MUNI AP;UNITED;33.19028;-96.59139;586;-6
MIDLAND INTL AP;MIDLAND INTL  AP;UNITED;31.9475;-102.2086;2862;-6
MINERAL WELLS AP;MINERAL WELLS AP;UNITED;32.78167;-98.06028;930;-6
NEW BRAUNFELS MUNI AP;NEW BRAUNFELS AP;UNITED;29.7089;-98.0458;645;-6
ODESSA SCHLEMEYER FLD;ODESSA SCHLEMEYER FLD;UNITED;31.92056;-102.38667;-99999;-6
ORANGE GROVE;ORANGE GROVE;UNITED;27.9;-98.05;257;-6
PALACIOS MUNI AP;PALACIOS MUNI AP;UNITED;28.72472;-96.25361;12;-6
PINE SPRINGS NP;PINE SPRINGS NP;UNITED;31.83111;-104.80889;5456;-6
PORT ARTHUR SE TX AP;PORT ARTHUR AP;UNITED;29.95056;-94.02056;16;-6
PORT ISABEL CAMERON AP;PORT ISABEL CAMERON AP;UNITED;26.16583;-97.34583;-99999;-6
ROCKPORT ARANSAS CO AP;ROCKPORT ASOS;UNITED;28.08361;-97.04639;22;-6
SAN ANGELO MATHIS FLD;SAN ANGELO MATHIS  FLD;UNITED;31.35167;-100.495;1916;-6
SAN ANTONIO INTL AP;SAN ANTONIO INT'L AP;UNITED;29.5443;-98.4839;789;-6
SAN ANTONIO STINSON AP;SAN ANTONIO STINSON AP;UNITED;29.3389;-98.472;571;-6
TERRELL MUNI AP;TERRELL MUNI AP;UNITED;32.71;-96.26722;-99999;-6
TYLER POUNDS FLD;TYLER POUNDS FLD;UNITED;32.35417;-95.4025;544;-6
VICTORIA RGNL AP;VICTORIA ASOS;UNITED;28.8614;-96.9303;115;-6
WACO RGNL AP;WACO RGNL AP;UNITED;31.61889;-97.22833;500;-6
WICHITA FALLS MUNI AP;WICHITA FALLS MUNI AP;UNITED;33.9786;-98.4928;1017;-6
WINKLER CO AP;WINK FAA AP;UNITED;31.7801;-103.2018;2807;-6
BRYCE CANYON AP;BRYCE CANYON AP;UNITED;37.70639;-112.14556;-99999;-7
CEDAR CITY MUNI AP;CEDAR CITY AP;UNITED;37.7086;-113.0944;5586;-7
GRANITE PEAK DUGWAY PG;GRANITE PEAK DUGWAY PG;UNITED;40.16056;-113.35083;-99999;-7
LOGAN CACHE AP;LOGAN CACHE AP;UNITED;41.78722;-111.85333;-99999;-7
MILFORD MUNI AP;MILFORD MUNI AP;UNITED;38.41667;-113.01667;-99999;-7
MOAB CANYONLAND AP;CANYONLANDS ASOS;UNITED;38.75;-109.76278;4560;-7
PRICE CARBON CO AP;PRICE CARBON CO AP;UNITED;39.60917;-110.75472;-99999;-7
SALT LAKE CITY INTL AP;SALT LAKE CITY INTL AP;UNITED;40.7781;-111.9694;4225;-7
VERNAL MUNI AP;VERNAL ASOS;UNITED;40.44278;-109.51278;5270;-7
ASHLAND HANOVER CO MUNI AP;ASHLAND HANOVER CO MUNI AP;UNITED;37.70806;-77.43444;-99999;-5
CHARLOTTESVILLE AP;CHARLOTTESVILLE AP;UNITED;38.13861;-78.45306;-99999;-5
DANVILLE RGNL AP;DANVILLE REGIONAL AP;UNITED;36.5728;-79.3361;571;-5
FENTRESS NAAS;FENTRESS NAAS;UNITED;36.695;-76.13556;-99999;-5
LANGLEY AFB;LANGLEY AFB;UNITED;37.08278;-76.36028;10;-5
LYNCHBURG RGNL AP;LYNCHBURG INTL AP;UNITED;37.3208;-79.2067;940;-5
NEWPORT NEWS INTL AP;NEWPORT NEWS INTL AP;UNITED;37.13194;-76.49306;-99999;-5
NORFOLK INTL AP;NORFOLK INTL AP;UNITED;36.9033;-76.1922;30;-5
RICHMOND INTL AP;RICHMOND INTL AP;UNITED;37.505;-77.3202;164;-5
ROANOKE RGNL AP;ROANOKE INTL AP;UNITED;37.3169;-79.9741;1175;-5
WAKEFIELD MUNI AP;WAKEFIELD MUNI AP;UNITED;36.98389;-77.00722;109;-5
WALLOPS ISLAND FLIGHT FAC;WALLOPS ISLAND NASA TEST FACIL;UNITED;37.9372;-75.4708;46;-5
WASHINGTON DC DULLES AP;WASHGTN DULLES INTL AP;UNITED;38.9408;-77.4636;290;-5
WASHINGTON REAGAN AP;WASHINGTON REAGAN AP;UNITED;38.8483;-77.0341;10;-5
CHARLOTTE AMALIE AP;TRUMAN FLD FAA AP # 2;UNITED;18.3363;-64.98;20;-4
CHRISTIANSTED AP;ALEX HAMILTON FIELD FAA;UNITED;17.6997;-64.8125;61;-4
BARRE MONTPELIER AP;MONTPELIER AP;UNITED;44.2035;-72.5623;1126;-5
BENNINGTON MORSE ST AP;BENNINGTON MORSE ST AP;UNITED;42.89139;-73.24694;-99999;-5
BURLINGTON INTL AP;BURLINGTON WSO AP;UNITED;44.4683;-73.1499;330;-5
MORRISVILLE STOWE STATE AP;MORRISVILLE STOWE STATE AP;UNITED;44.53444;-72.61444;-99999;-5
SAINT JOHNSBURY ASOS;SAINT JOHNSBURY ASOS;UNITED;44.42;-72.01944;697;-5
SPRINGFIELD HARTNESS AP;SPRINGFIELD HARTNESS AP;UNITED;43.34361;-72.51778;578;-5
BELLINGHAM INTL AP;BELLINGHAM INTL AP;UNITED;48.79389;-122.53722;149;-8
COUPEVILLE NOLF;COUPEVILLE NOLF;UNITED;48.21667;-122.63333;199;-8
DEER PARK AP;DEER PARK;UNITED;47.97417;-117.42833;2191;-8
ELLENSBURG BOWERS FLD;ELLENSBURG BOWERS FLD;UNITED;47.03389;-120.53028;-99999;-8
EPHRATA MUNI AP;EPHRATA AP;UNITED;47.3078;-119.5154;1252;-8
EVERETT SNOHOMISH AP;EVERETT SNOHOMISH AP;UNITED;47.90778;-122.28028;-99999;-8
FRIDAY HARBOR AP;FRIDAY HARBOR AP;UNITED;48.52222;-123.02306;-99999;-8
HOQUIAM BOWERMAN AP;HOQUIAM BOWERMAN AP;UNITED;46.9727;-123.9302;12;-8
MOSES LAKE GRANT CO AP;MOSES LAKE GRANT CO AP;UNITED;47.20778;-119.31917;-99999;-8
OLYMPIA AP;OLYMPIA AP;UNITED;46.9733;-122.9033;188;-8
PORT ANGELES INTL AP;PORT ANGELES INTL AP;UNITED;48.12028;-123.49833;-99999;-8
PULLMAN MOSCOW RGNL AP;PULLMAN MOSCOW RGNL AP;UNITED;46.74389;-117.10861;-99999;-8
QUILLAYUTE STATE AP;QUILLAYUTE AP;UNITED;47.9375;-124.555;185;-8
RENTON MUNI AP;RENTON MUNI AP;UNITED;47.49333;-122.21444;-99999;-8
SEATTLE BOEING FLD;SEATTLE BOEING FLD;UNITED;47.53028;-122.30083;-99999;-8
SEATTLE TACOMA INTL AP;SEATTLE TACOMA AP;UNITED;47.4444;-122.3138;370;-8
SHELTON SANDERSON FLD;SHELTON AP;UNITED;47.238;-123.1408;271;-8
SPOKANE FELTS FLD;SPOKANE FELTS FLD;UNITED;47.68306;-117.32139;-99999;-8
SPOKANE INTL AP;SPOKANE INTERNATIONAL AIRPORT;UNITED;47.6216;-117.528;2353;-8
STAMPEDE PASS;STAMPEDE PASS;UNITED;47.2767;-121.3372;3959;-8
TACOMA NARROWS AP;TACOMA NARROWS AP;UNITED;47.2675;-122.57611;-99999;-8
THE DALLES MUNI AP;DALLESPORT AP;UNITED;45.6194;-121.1661;235;-8
VANCOUVER PEARSON AP;VANCOUVER PEARSON AP;UNITED;45.62083;-122.65722;-99999;-8
WALLA WALLA RGNL AP;WALLA WALLA RGNL AP;UNITED;46.09472;-118.28694;1166;-8
WENATCHEE PANGBORN AP;WENATCHEE PANGBORN MEMORIAL AP;UNITED;47.3977;-120.2013;1229;-8
YAKIMA AIR TERMINAL;YAKIMA AP;UNITED;46.5683;-120.5428;1064;-8
ASHLAND KENNEDY MEM AP;ASHLAND KENNEDY MEM AP;UNITED;46.54861;-90.91889;-99999;-6
BOSCOBEL AP;BOSCOBEL AP;UNITED;43.15611;-90.6775;-99999;-6
EAU CLAIRE RGNL AP;CHIPPEWA VALLEY RGNL  AP;UNITED;44.8665;-91.4879;885;-6
FOND DU LAC CO AP;FOND DU LAC AP ASOS;UNITED;43.76944;-88.49083;807;-6
GREEN BAY A S INTL AP;GREEN BAY A S INTL AP;UNITED;44.4794;-88.1366;687;-6
HAYWARD MUNI AP;HAYWARD MUNI AP;UNITED;46.02611;-91.44417;1204;-6
KENOSHA RGNL AP;KENOSHA RGNL AP;UNITED;42.595;-87.93806;-99999;-6
LA CROSSE MUNI AP;LA CROSSE MUNI AP;UNITED;43.8788;-91.2527;652;-6
LONE ROCK TRI CO AP;LONE ROCK TRI CO AP;UNITED;43.21194;-90.18139;-99999;-6
MADISON DANE RGNL AP;MADISON DANE CO AP;UNITED;43.1405;-89.3452;866;-6
MARSHFIELD MUNI AP;MARSHFIELD MUNI AP;UNITED;44.63806;-90.1875;1255;-6
MILWAUKEE MITCHELL AP;MILWAUKEE MITCHELL AP;UNITED;42.955;-87.9044;670;-6
OSHKOSH WITTMAN AP;OSHKOSH WITTMAN AP;UNITED;43.98444;-88.55694;782;-6
RACINE BATTEN AP;RACINE BATTEN AP;UNITED;42.76111;-87.81361;-99999;-6
RHINELANDER ONEIDA AP;RHINELANDER ASOS;UNITED;45.6314;-89.4823;1624;-6
SHEBOYGAN CO MEM AP;SHEBOYGAN CO MEM AP;UNITED;43.76944;-87.85056;746;-6
WAUSAU ASOS;WAUSAU ASOS;UNITED;44.9288;-89.6277;1200;-6
WISCONSIN RAPIDS ALEXANDER FLD;WISCONSIN RAPIDS ALEXANDER FLD;UNITED;44.35917;-89.83694;1019;-6
BECKLEY RALEIGH CO AP;BECKLEY RALEIGH COUNTY AP;UNITED;37.7836;-81.123;2514;-5
BLUEFIELD MERCER CO AP;BLUEFIELD MERCER CO AP;UNITED;37.2958;-81.2077;2870;-5
CHARLESTON YEAGER AP;CHARLESTON YEAGER AP;UNITED;38.3794;-81.59;910;-5
CLARKSBURG BENEDUM AP;CLARKSBURG BENEDUM AP;UNITED;39.29556;-80.22889;-99999;-5
ELKINS RANDOLPH CO AP;ELKINS RANDOLPH COUNTY AP;UNITED;38.8853;-79.8528;1979;-5
HUNTINGTON TRI STATE AP;HUNTINGTON TRI ST AP;UNITED;38.365;-82.555;824;-5
MARTINSBURG E WV RGNL AP;MARTINSBURG E WV RGNL AP;UNITED;39.4019;-77.9844;534;-5
MORGANTOWN HART FLD;MORGANTOWN HART FLD;UNITED;39.64278;-79.91639;1240;-5
PARKERSBURG WOOD CO AP;PARKERSBURG FAA AP;UNITED;39.2;-81.27;831;-5
WHEELING OHIO CO AP;WHEELING OHIO CO AP;UNITED;40.17639;-80.64722;1179;-5
BIG PINEY MARBLETON AP;BIG PINEY MARBLETON AP;UNITED;42.58444;-110.1075;6970;-7
BUFFALO JOHNSON CO AP;BUFFALO JOHNSON CO AP;UNITED;44.38139;-106.72111;-99999;-7
CASPER NATRONA CO AP;CASPER-NATRONA COUNTY AP;UNITED;42.8977;-106.4739;5313;-7
CHEYENNE MUNI AP;CHEYENNE WSFO AP;UNITED;41.15;-104.8167;6130;-7
CONVERSE CO AP ASOS;CONVERSE CO AP ASOS;UNITED;42.79611;-105.38028;4936;-7
EVANSTON BURNS FLD;EVANSTON BURNS FLD;UNITED;41.27306;-111.03056;-99999;-7
GILLETTE CAMPBELL AP;GILLETTE CAMPBELL AP;UNITED;44.33944;-105.54194;4354;-7
GREYBULL S BIG HORN AP;GREYBULL S BIG HORN AP;UNITED;44.51694;-108.08222;-99999;-7
LANDER HUNT FLD AP;LANDER AP;UNITED;42.8154;-108.7261;5592;-7
LARAMIE AP;LARAMIE AP;UNITED;41.3167;-105.6833;7266;-7
RAWLINS AP;RAWLINS AP;UNITED;41.8;-107.2;6736;-7
RIVERTON RGNL AP;RIVERTON RGNL AP;UNITED;43.06417;-108.45889;5445;-7
ROCK SPRINGS AP;ROCK SPRINGS AP;UNITED;41.5944;-109.0529;6741;-7
SHERIDAN CO AP;SHERIDAN AP;UNITED;44.7694;-106.9688;3945;-7
TORRINGTON MUNI AP;TORRINGTON MUNI AP ASOS;UNITED;42.0613;-104.1584;4199;-7
WORLAND;WORLAND FAA AP;UNITED;43.96583;-107.95083;4172;-7
YELLOWSTONE LAKE;YELLOWSTONE LAKE;UNITED;44.54444;-110.42111;7835;-7